Item ID,Custom label,Product ID type,Product ID value,Product ID value 2,Quantity available,Purchases,Bids,Price,Start date,End date,Condition,Type,Item title,Category leaf name,Category number,Private notes,Site listed,Download date,Variation details,Product reference ID,Condition ID,OutOfStockControl
383683115698,ITEM00001,,,,2,2,,�9.71,19-Aug-20,,New,9,The Viking Spirit: An Introduction to Norse Mythology and Religion,Non-Fiction,171243,,3,29-Aug-20 01:32:32 BST,,223829562,1000,false
383683115705,ITEM00006,,,,0,0,,�6.34,19-Aug-20,,New,9,Humbrol AD6011 150ml Acrylic Spray Paint No. 11 Silver Metallic,Paints & Accessories,2594,,3,29-Aug-20 01:32:32 BST,,,1000,false
383683115707,ITEM00011,,,,2,0,,�8.64,19-Aug-20,,New,9,Mindhunter: Inside the FBI Elite Serial Crime Unit Now A Netflix Series,Non-Fiction,171243,,3,29-Aug-20 01:32:32 BST,,239225831,1000,false
383683115715,ITEM00002,,,,2,0,,�4.84,19-Aug-20,,New,9,"Biomed Superwhite Mouthwash, 500 ml",Mouthwash,180266,,3,29-Aug-20 01:32:32 BST,,,1000,false
383683115716,ITEM00016,,,,2,1,,�6.94,19-Aug-20,,New,9,"Plant Bends 10-480-085,White Pack of 50",Other Hydroponics,20546,,3,29-Aug-20 01:32:32 BST,,,1000,false
383683115723,ITEM00012,,,,2,0,,�7.08,19-Aug-20,,New with tags,9,Pyramid Trek 50. Maximum strength DEET Insect/Mosquito Repellent DEET Spray,Insect Repellent,101768,,3,29-Aug-20 01:32:32 BST,,1805269853,1000,false
383683115724,ITEM00007,,,,2,0,,�9.63,19-Aug-20,,New,9,"Wellman Vitabiotics Conception, 30 Tablets",Vitamins & Minerals,11776,,3,29-Aug-20 01:32:32 BST,,,1000,false
383683115725,ITEM00021,,,,2,0,,�23.82,19-Aug-20,,New,9,"Dartington Crystal 6-Piece Stemless Gin Copa Party Glass, Crystal, 9.5 x 9.5 x",Glassware & Drinkware,20696,,3,29-Aug-20 01:32:32 BST,,,1000,false
383683115726,ITEM00031,,,,2,0,,�7.08,19-Aug-20,,New,9,"Whistle in the Wind: Life, death, detriment and dismissal in the NHS. A",Non-Fiction,171243,,3,29-Aug-20 01:32:32 BST,,25034755165,1000,false
383683115727,ITEM00026,,,,2,0,,�8.16,19-Aug-20,,New,9,"Just for Men Control GX Shampoo for All Shades Men's Grey Reducing Hair Wash,",Shampoos & Conditioners,177661,,3,29-Aug-20 01:32:32 BST,,13026543687,1000,false
383683115729,ITEM00003,,,,2,0,,�8.21,19-Aug-20,,New,9,HealthAid Iodine 300mcg 60 Vegan Tablets,Vitamins & Minerals,11776,,3,29-Aug-20 01:32:32 BST,,,1000,false
383683115738,ITEM00017,,,,0,1,,�9.00,19-Aug-20,,New,9,"Bob Martin Clear Flea & Tick Spray for Cats and Home, 300ml",Flea & Tick Remedies,20749,,3,29-Aug-20 01:32:32 BST,,24034026582,1000,false
383683115740,ITEM00008,,,,2,0,,�3.43,19-Aug-20,,New,9,"Stick it 10 m x 8 mm Removable Adhesive Roller, Transparent",Other Scrapbooking Supplies,75573,,3,29-Aug-20 01:32:32 BST,,,1000,false
383683115742,ITEM00022,,,,2,0,,�8.51,19-Aug-20,,New,9,New Grade 9-1 GCSE English - Dr Jekyll and Mr Hyde Revision Question Cards CGP,School Textbooks & Study Guides,171223,,3,29-Aug-20 01:32:32 BST,,,1000,false
383683115743,ITEM00027,,,,2,2,,�4.28,19-Aug-20,,New,9,Hypafix 71443 2.5 cm x 10 m Self Adhesive Tape,Other First Aid,11779,,3,29-Aug-20 01:32:32 BST,,,1000,false
383683115744,ITEM00032,,,,2,0,,�7.08,19-Aug-20,,New,9,Airfix A01309V Bren Gun Carrier and 6 PDR AT Gun,Models,1189,,3,29-Aug-20 01:32:32 BST,,,1000,false
383683115747,ITEM00004,,,,0,0,,�7.22,19-Aug-20,,New,9,"CB12 Whitening Mouthwash, 250 ml",Mouthwash,180266,,3,29-Aug-20 01:32:32 BST,,,1000,false
383683115748,ITEM00013,,,,2,0,,�9.35,19-Aug-20,,New,9,"Gillian Kyle Rectangular Cracker TIN, Various",Cake Tins,136814,,3,29-Aug-20 01:32:32 BST,,,1000,false
383683115757,ITEM00041,,,,0,0,,�4.54,19-Aug-20,,New,9,White loose powder lightweight foundation for every type of skin.,Face Powders,21021,,3,29-Aug-20 01:32:32 BST,,,1000,false
383683115759,ITEM00036,,,,2,0,,�15.01,19-Aug-20,,New,9,"Tisserand Aromatherapy - Frankincense Essential Oil, 9 ml",Aromatherapy,19258,,3,29-Aug-20 01:32:32 BST,,,1000,false
383683115760,ITEM00018,,,,0,0,,�3.32,19-Aug-20,,New,9,Millie Marotta's Animal Kingdom - A Colouring Book Adventure,Non-Fiction,171243,,3,29-Aug-20 01:32:32 BST,,209409356,1000,false
383683115762,ITEM00046,,,,2,0,,�25.05,19-Aug-20,,New,9,Solgar Natural Vitamin K2 MK-7 100 �g Vegetable Capsules - Pack of 50,Vitamins & Minerals,11776,,3,29-Aug-20 01:32:32 BST,,6031289701,1000,false
383683115763,ITEM00009,,,,2,4,,�5.86,19-Aug-20,,New,9,Hozelock Flat Hose & Spiral Hose Adaptor,Other Watering Equipment,29522,,3,29-Aug-20 01:32:32 BST,,,1000,false
383683115768,ITEM00023,,,,2,0,,�5.60,19-Aug-20,,New,9,wolfcraft 4300000 Laminate Trimmer,Cutting Tools,178973,,3,29-Aug-20 01:32:32 BST,,,1000,false
383683115771,ITEM00014,,,,0,0,,�7.01,19-Aug-20,,New,9,"Max Factor Pan Stik Foundation, 13 Noveau Beige, Full Coverage and Smooth",Foundations,177666,,3,29-Aug-20 01:32:32 BST,,,1000,false
383683115772,ITEM00033,,,,0,0,,�8.10,19-Aug-20,,New,9,Schleich 13875 Black Bull,Animals & Dinosaurs,175692,,3,29-Aug-20 01:32:32 BST,,,1000,false
383683115773,ITEM00051,,,,2,0,,�8.57,19-Aug-20,,New,9,New Functional Skills Maths Level 2 - Study & Test Practice for 2019 & beyond,Adult Learning & University,1105,,3,29-Aug-20 01:32:32 BST,,225805241,1000,false
383683115775,ITEM00028,,,,2,0,,�48.60,19-Aug-20,,New,9,"Julius-K9, 16IDC-US-0, IDC Powerharness, dog harness, 0 Size, Ameri-Canis",Harnesses,66783,,3,29-Aug-20 01:32:32 BST,,,1000,false
383683115776,ITEM00056,,,,0,1,,�1.83,19-Aug-20,,New,9,Nip+Fab Glycolic Fix Cleansing Pads,Other Hair Care & Styling,177658,,3,29-Aug-20 01:32:32 BST,,,1000,false
383683115777,ITEM00005,,,,2,0,,�5.96,19-Aug-20,,New,9,Autoleads RMA134 Replacement Aerial Wing Mount Large Head - Chrome Retractable,Aerials,36676,,3,29-Aug-20 01:32:32 BST,,,1000,false
383683115779,ITEM00076,,,,2,0,,�7.38,19-Aug-20,,New,9,"Craft UK 50 Cards and Envelopes, White, 5 x 5-Inch,382 243",Card Making,134594,,3,29-Aug-20 01:32:32 BST,,,1000,false
383683115780,ITEM00066,,,,2,0,,�8.21,19-Aug-20,,New,9,"Harry Potter Word Search: Find over 1,600 words from J.K Rowling?s magical",Fiction,171219,,3,29-Aug-20 01:32:32 BST,,,1000,false
383683115781,ITEM00071,,,,2,0,,�9.89,19-Aug-20,,New,9,"D-Link DES-1005 5-Port Fast Ethernet Unmanaged Desktop Switch, Hub, Internet",Network Switches,51268,,3,29-Aug-20 01:32:32 BST,,2255834041,1000,false
383683115782,ITEM00061,,,,2,2,,�5.79,19-Aug-20,,New,9,"Natural Deodorant Crystal Rock Chick by Salt of the Earth, Unscented, Fragrance",Deodorants & Anti-Perspirants,29580,,3,29-Aug-20 01:32:32 BST,,,1000,false
383683115786,ITEM00042,,,,2,0,,�7.68,19-Aug-20,,New,9,The Company of Animals COA Target Stick,Other Training & Obedience,146245,,3,29-Aug-20 01:32:32 BST,,,1000,false
383683115790,ITEM00086,,,,2,2,,�5.73,19-Aug-20,,New,9,"Humbrol AV0201 Enamel Wash Black , 28ml",Paints & Accessories,2594,,3,29-Aug-20 01:32:32 BST,,,1000,false
383683115791,ITEM00081,,,,2,0,,�4.27,19-Aug-20,,New,9,Armor All 3 Polish Applicator Pads with Handle,Other Car Care & Cleaning,179462,,3,29-Aug-20 01:32:32 BST,,,1000,false
383683115793,ITEM00024,,,,2,0,,�3.71,19-Aug-20,,New,9,Hama Beads Ironing Paper,Creative Toys & Activities,80546,,3,29-Aug-20 01:32:32 BST,,2255615505,1000,false
383683115794,ITEM00010,,,,2,0,,�9.67,19-Aug-20,,New,9,Wolfcraft 4197000 65 x 61mm Megacut S Universal Cutter,Wooden & Matchstick Kits,2595,,3,29-Aug-20 01:32:32 BST,,,1000,false
383683115795,ITEM00047,,,,2,16,,�3.10,19-Aug-20,,New,9,"Anthisan Bite and Sting Cream, 20g",Other First Aid,11779,,3,29-Aug-20 01:32:32 BST,,,1000,false
383683115799,ITEM00019,,,,2,0,,�53.56,19-Aug-20,,New,9,"Yale SD-M1100 Smart Door Lock Z-Wave Module 2, App Control, Visibility on User",Padlocks,98855,,3,29-Aug-20 01:32:32 BST,,12034747462,1000,false
383683115800,ITEM00057,,,,0,0,,�19.62,19-Aug-20,,New,9,Sylvanian Families 5209 Seaside Camping Set,Sylvanian Families,64844,,3,29-Aug-20 01:32:32 BST,,,1000,false
383683115802,ITEM00015,,,,0,0,,�4.24,19-Aug-20,,New,9,Maybelline New York Forever Strong Super Stay Gel Nail Color 7 Days 130 Rose,Nail Polish,11873,,3,29-Aug-20 01:32:32 BST,,,1000,false
383683115803,ITEM00037,,,,2,0,,�11.03,19-Aug-20,,New,9,tesa Crack Cover,Car Seat Accessories,66693,,3,29-Aug-20 01:32:32 BST,,,1000,false
383683115805,ITEM00034,,,,2,0,,�8.87,19-Aug-20,,New,9,SCHWARZKOPF BC HMK Spray CON 200ml,Shampoos & Conditioners,177661,,3,29-Aug-20 01:32:32 BST,,,1000,false
383683115806,ITEM00029,,,,0,0,,�2.66,19-Aug-20,,New,9,"Wenko Toothbrush tumbler Arktis in white, 7.1 x 10,2 cm",Tumblers & Toothbrush Holders,25453,,3,29-Aug-20 01:32:32 BST,,,1000,false
383683115808,ITEM00052,,,,2,0,,�4.72,19-Aug-20,,New,9,Majestic Rainbow Bible Tabs,School Textbooks & Study Guides,171223,,3,29-Aug-20 01:32:32 BST,,99857915,1000,false
383683115814,ITEM00067,,,,2,3,,�4.83,19-Aug-20,,New,9,Simple Ledger: Cash Book | 110 pages | DIN A5 | Simple Income Expense Book |,Paper Products,3305,,3,29-Aug-20 01:32:32 BST,,19019919647,1000,false
383683115815,ITEM00077,,,,0,0,,�3.41,19-Aug-20,,New,9,KISS Powerflex Precision Glue,Other Nail Care,11870,,3,29-Aug-20 01:32:32 BST,,,1000,false
383683115816,ITEM00072,,,,2,0,,�8.58,19-Aug-20,,New,9,"Garnier Ambre Solaire Bronzer Sun Tan Spray Medium, 150ml",Fake Tanning Products,31773,,3,29-Aug-20 01:32:32 BST,,,1000,false
383683115818,ITEM00062,,,,2,0,,�2.41,19-Aug-20,,New,9,The Tell-Tale Heart Penguin Little Black Classics,Fiction,171228,,3,29-Aug-20 01:32:32 BST,,213377858,1000,false
383683115821,ITEM00082,,,,2,0,,�10.46,19-Aug-20,,New,9,Bourjois Healthy Mix Foundation,Foundations,177666,,3,29-Aug-20 01:32:32 BST,,,1000,false
383683115822,ITEM00087,,,,2,0,,�5.83,19-Aug-20,,New,9,Malibu Miracle Tan Before and After Moisturising Sun Lotion 150 ml,After Sun Skin Care,74996,,3,29-Aug-20 01:32:32 BST,,24011367885,1000,false
383683115823,ITEM00025,,,,2,0,,�8.21,19-Aug-20,,New,9,Moongel Damper Pads Pot of 6,Other Accessories,10173,,3,29-Aug-20 01:32:32 BST,,1805077215,1000,false
383683115824,ITEM00058,,,,2,1,,�2.69,19-Aug-20,,New,9,Tsukineko Emboss Ink Pad Clear Refresher Ink,Ink & Pads,11795,,3,29-Aug-20 01:32:32 BST,,,1000,false
383683115826,ITEM00035,,,,2,0,,�7.08,19-Aug-20,,New,9,Your Name DVD,DVDs & Blu-rays,617,,3,29-Aug-20 01:32:32 BST,,,1000,false
383683115829,ITEM00053,,,,2,0,,�18.84,19-Aug-20,,New,9,Schleich 42388 - Assorted Wild Life Animals,Animals & Dinosaurs,175692,,3,29-Aug-20 01:32:32 BST,,,1000,false
383683115830,ITEM00073,,,,2,0,,�7.09,19-Aug-20,,New,9,Banana Boat Aloe Vera Skin Care Gel Large 453g Pump Bottle,After Sun Skin Care,74996,,3,29-Aug-20 01:32:32 BST,,,1000,false
383683115831,ITEM00043,,,,0,2,,�5.52,19-Aug-20,,New,9,"Toastabags Roasting Bags, 25 x 38 cm Standard Pack of 50",Other Food Preparation & Tools,20651,,3,29-Aug-20 01:32:32 BST,,,1000,false
383683115835,ITEM00048,,,,2,0,,�7.83,19-Aug-20,,New,9,"tesa UK Strong Double Sided Adhesive Tape for Fixing Carpets, 25 m x 50 mm",Adhesive Tapes,109475,,3,29-Aug-20 01:32:32 BST,,,1000,false
383683115836,ITEM00068,,,,0,0,,�8.95,19-Aug-20,,New,9,"Chuckit Ultra Ball, Durable High Bounce Rubber Dog Ball, Launcher Compatible, 2",Toys,177791,,3,29-Aug-20 01:32:32 BST,,5026658358,1000,false
383683115838,ITEM00030,,,,2,0,,�9.36,19-Aug-20,,New,9,The Soul Unsettled,Cleansers & Toners,177765,,3,29-Aug-20 01:32:32 BST,,3031195126,1000,false
383683115840,ITEM00078,,,,2,0,,�3.83,19-Aug-20,,New,9,Numicon: Table-top Number Lines,School Textbooks & Study Guides,171223,,3,29-Aug-20 01:32:32 BST,,111532883,1000,false
383683115837,ITEM00020,,,,2,0,,�5.40,19-Aug-20,,New,9,Moosehead Gritty Styling Clay 100g,Styling Products,11860,,3,29-Aug-20 01:32:32 BST,,,1000,false
383683115843,ITEM00088,,,,0,1,,�21.97,19-Aug-20,,New,9,"Vetericyn Plus VF Wound and Skin Care Hydrogel, 500 ml",Skin & Coat Care,134791,,3,29-Aug-20 01:32:32 BST,,,1000,false
383683115844,ITEM00083,,,,2,0,,�7.08,19-Aug-20,,New,9,Hama Beads 4 Interlocking Square Pegboards,Creative Toys & Activities,80546,,3,29-Aug-20 01:32:32 BST,,,1000,false
383683115845,ITEM00038,,,,2,0,,�3.15,19-Aug-20,,New,9,Wolf Beaded Bookmark,Bookmarks,45114,,3,29-Aug-20 01:32:32 BST,,,1000,false
383683115848,ITEM00063,,,,2,1,,�6.52,19-Aug-20,,New,9,"Earth Rated Biodegradable Dog Poop Bags, Pack of 120",Pooper Scooper & Bags,116392,,3,29-Aug-20 01:32:32 BST,,16026722104,1000,false
383683115850,ITEM00059,,,,2,0,,�7.08,19-Aug-20,,New,9,"wolfcraft 5208000 Mitre Angle, Grey, 150 x 275 x 66 mm",Squares,147814,,3,29-Aug-20 01:32:32 BST,,13031185872,1000,false
383683115853,ITEM00074,,,,2,4,,�8.58,19-Aug-20,,New,9,QV Gentle Wash 500ml,Other Bath & Body,11837,,3,29-Aug-20 01:32:32 BST,,,1000,false
383683115857,ITEM00079,,,,2,0,,�7.84,19-Aug-20,,New,9,Gypsy Witch Fortune Telling Playing Cards,School Textbooks & Study Guides,171223,,3,29-Aug-20 01:32:32 BST,,87770729,1000,false
383683115858,ITEM00069,,,,2,0,,�9.90,19-Aug-20,,New,9,Natures Aid Glucosamine Sulphate 1000 mg with Vitamin C to Support Normal,Vitamins & Minerals,11776,,3,29-Aug-20 01:32:32 BST,,,1000,false
383683115859,ITEM00054,,,,0,0,,�5.74,19-Aug-20,,New,9,"Groom Professional Bright White Shampoo, 250 ml",Shampooing & Washing,149019,,3,29-Aug-20 01:32:32 BST,,,1000,false
383683115860,ITEM00084,,,,2,2,,�5.97,19-Aug-20,,New,9,"DYLON Washing Machine Fabric Dye Pod for Clothes & Soft Furnishings, 350g ?",Fabric Dyes,183120,,3,29-Aug-20 01:32:32 BST,,,1000,false
383683115861,ITEM00089,,,,2,1,,�8.21,19-Aug-20,,New,9,Kair Connector with Backdraught Shutter 100mm - 4 inch Non-Return Damper Flap,Dampers & Actuators,126208,,3,29-Aug-20 01:32:32 BST,,,1000,false
383683115863,ITEM00044,,,,0,0,,�8.11,19-Aug-20,,New,9,"Royal Doulton Gordon Ramsay Maze GRMZWH08288 22cm Side Plate White, Stoneware",Tableware,64970,,3,29-Aug-20 01:32:32 BST,,,1000,false
383683115867,ITEM00049,,,,2,0,,�5.64,19-Aug-20,,New,9,Oxford AQA GCSE History 9-1 : Conflict and Tension between East and West,School Textbooks & Study Guides,171223,,3,29-Aug-20 01:32:32 BST,,,1000,false
383683115868,ITEM00075,,,,2,2,,�9.29,19-Aug-20,,New,9,"Bioglan Biotic Balance Milk Choc Balls for Kids, 30 each",Vitamins & Minerals,11776,,3,29-Aug-20 01:32:32 BST,,,1000,false
383683115870,ITEM00039,,,,2,0,,�6.68,19-Aug-20,,New,9,Edexcel GCSE 9-1 Maths Foundation Workbook: For the 2020 Autumn & 2021 Summer,School Textbooks & Study Guides,171223,,3,29-Aug-20 01:32:32 BST,,,1000,false
383683115874,ITEM00064,,,,0,0,,�6.03,19-Aug-20,,New,9,Instant Family DVD 2019,DVDs & Blu-rays,617,,3,29-Aug-20 01:32:32 BST,,,1000,false
383683115875,ITEM00080,,,,0,0,,�5.59,19-Aug-20,,New,9,"KitchenCraft Runner Bean Cutter, 5.5 x 4 x 3 cm 2"" x 1.5"" x 1""",Peeler & Slicers,20641,,3,29-Aug-20 01:32:32 BST,,,1000,false
383683115876,ITEM00070,,,,2,0,,�5.97,19-Aug-20,,New,9,Leckie SNAP Revision ? National 5/Higher English Revision: Reading for,School Textbooks & Study Guides,171223,,3,29-Aug-20 01:32:32 BST,,,1000,false
383683115878,ITEM00060,,,,2,0,,�12.97,19-Aug-20,,New,9,Felix As Good As It Looks Cat Pouches Tuna In Jelly 100g 20 Pouches,Cat Food,63073,,3,29-Aug-20 01:32:32 BST,,4034680826,1000,false
383683115882,ITEM00085,,,,2,0,,�23.82,19-Aug-20,,New,9,"Dartington Crystal - Crystal Port, Liqueur and Dessert Glasses, Set of 6",Glassware & Drinkware,20696,,3,29-Aug-20 01:32:32 BST,,1453818318,1000,false
383683115883,ITEM00055,,,,0,0,,�21.08,19-Aug-20,,New,9,Learning Resources Anatomy Model Human Body,Science & Nature,11737,,3,29-Aug-20 01:32:32 BST,,,1000,false
383683115890,ITEM00045,,,,2,0,,�5.28,19-Aug-20,,New,9,BIRD SCARER 30M,Other Weed & Pest Control,50365,,3,29-Aug-20 01:32:32 BST,,4032575926,1000,false
383683115891,ITEM00065,,,,2,0,,�8.82,19-Aug-20,,New,9,"The Secret Teachings of All Ages: An Encyclopedic Outline of Masonic, Hermetic,",Non-Fiction,171243,,3,29-Aug-20 01:32:32 BST,,200593549,1000,false
383683115896,ITEM00040,,,,2,0,,�9.91,19-Aug-20,,New,9,Plasti-kote 9444 400ml Stone Touch - Manhattan Mist,"Other Paint, Stain & Varnish",180980,,3,29-Aug-20 01:32:32 BST,,,1000,false
383683115897,ITEM00050,,,,2,3,,�5.39,19-Aug-20,,New,9,Bing?s Little Library Bing,Non-Fiction,171210,,3,29-Aug-20 01:32:32 BST,,213337237,1000,false
383685043277,ITEM00131,,,,2,0,,�10.48,20-Aug-20,,New,9,The Secret Diaries Of Miss Anne Lister: Vol. 1: I Know My Own Heart: The,Non-Fiction,171243,,3,29-Aug-20 01:32:32 BST,,92945740,1000,false
383685043274,ITEM00143,,,,2,0,,�15.17,20-Aug-20,,New,9,Miguel Barclay's Super Easy One Pound Meals,Non-Fiction,171243,,3,29-Aug-20 01:32:32 BST,,,1000,false
383685043275,ITEM00141,,,,2,0,,�14.87,20-Aug-20,,New,9,Medical Medium Celery Juice: The Most Powerful Medicine of Our Time Healing,Non-Fiction,171243,,3,29-Aug-20 01:32:32 BST,,12032563984,1000,false
383685043276,ITEM00114,,,,2,0,,�5.96,20-Aug-20,,New,9,"The Skinny Soup Maker Recipe Book: Delicious Low Calorie, Healthy and Simple",Non-Fiction,171243,,3,29-Aug-20 01:32:32 BST,,176796602,1000,false
383685043278,ITEM00105,,,,2,0,,�7.08,20-Aug-20,,New,9,The Smoothie Recipe Book: 150 Smoothie Recipes Including Smoothies for Weight,Non-Fiction,171243,,3,29-Aug-20 01:32:32 BST,,176561907,1000,false
383685043279,ITEM00112,,,,2,0,,�26.24,20-Aug-20,,New,9,Gordon Ramsay Quick & Delicious: 100 recipes in 30 minutes or less,Non-Fiction,171243,,3,29-Aug-20 01:32:32 BST,,,1000,false
383685043280,ITEM00181,,,,2,0,,�15.04,20-Aug-20,,New,9,The XX Brain: The Groundbreaking Science Empowering Women to Prevent Dementia,Non-Fiction,171243,,3,29-Aug-20 01:32:32 BST,,,1000,false
383685043281,ITEM00130,,,,2,0,,�9.73,20-Aug-20,,New,9,"The Grain Brain Whole Life Plan: Boost Brain Performance, Lose Weight, and",Non-Fiction,171243,,3,29-Aug-20 01:32:32 BST,,,1000,false
383685043282,ITEM00096,,,,2,0,,�4.94,20-Aug-20,,New,9,The Last Wish: Introducing the Witcher - Now a major Netflix show,Fiction,171228,,3,29-Aug-20 01:32:32 BST,,,1000,false
383685043283,ITEM00137,,,,2,0,,�21.59,20-Aug-20,,New,9,The Sourdough School: The Ground-Breaking Guide To Making Gut-Friendly Bread,Non-Fiction,171243,,3,29-Aug-20 01:32:32 BST,,238537430,1000,false
383685043284,ITEM00188,,,,2,0,,�15.92,20-Aug-20,,New,9,Soft Tissue Release: A Practical Handbook for Physical Therapists,Non-Fiction,171243,,3,29-Aug-20 01:32:32 BST,,114894460,1000,false
383685043285,ITEM00110,,,,2,0,,�18.00,20-Aug-20,,New,9,Rosa's Thai Cafe: The Cookbook,Non-Fiction,171243,,3,29-Aug-20 01:32:32 BST,,212729108,1000,false
383685043286,ITEM00126,,,,2,0,,�15.16,20-Aug-20,,New,9,Becoming Bulletproof: Life Lessons from a Secret Service Agent,Fiction,171228,,3,29-Aug-20 01:32:32 BST,,,1000,false
383685043287,ITEM00150,,,,2,0,,�20.69,20-Aug-20,,New,9,"SELF BUILD MANUAL: How to Plan, Manage and Build the Home of Your Dreams Haynes",Non-Fiction,171243,,3,29-Aug-20 01:32:32 BST,,209365665,1000,false
383685043288,ITEM00090,,,,2,1,,�4.59,20-Aug-20,,New,9,THE PRISON DOCTOR,Non-Fiction,171243,,3,29-Aug-20 01:32:32 BST,,8033162704,1000,false
383685043289,ITEM00148,,,,2,0,,�18.88,20-Aug-20,,New,9,"Salt, Fat, Acid, Heat: Mastering the Elements of Good Cooking: The Four",Non-Fiction,171243,,3,29-Aug-20 01:32:32 BST,,238747059,1000,false
383685043290,ITEM00115,,,,2,0,,�13.67,20-Aug-20,,New,9,The Keto All Day Cookbook: More Than 100 Low-Carb Recipes That Let You Stay,Non-Fiction,171243,,3,29-Aug-20 01:32:32 BST,,6031187582,1000,false
383685043291,ITEM00169,,,,2,0,,�10.20,20-Aug-20,,New,9,The Way of Kings Part Two: The Stormlight Archive Book One: 1,Fiction,171228,,3,29-Aug-20 01:32:32 BST,,108434481,1000,false
383685043292,ITEM00122,,,,0,0,,�21.34,20-Aug-20,,New,9,"The Awakened Family: How to Raise Empowered, Resilient, and Conscious Children.",Non-Fiction,171243,,3,29-Aug-20 01:32:32 BST,,,1000,false
383685043293,ITEM00177,,,,2,0,,�16.79,20-Aug-20,,New,9,"Brew it Yourself: Make Your Own Beer, Wine, Cider and Other Concoctions",Non-Fiction,171243,,3,29-Aug-20 01:32:32 BST,,212721144,1000,false
383685043294,ITEM00097,,,,2,0,,�7.10,20-Aug-20,,New,9,The World's Fittest Book: The Sunday Times Bestseller from the Strongman Swimmer,Non-Fiction,171243,,3,29-Aug-20 01:32:32 BST,,12033507180,1000,false
383685043295,ITEM00176,,,,2,0,,�12.90,20-Aug-20,,New,9,The Whole-Brain Child: 12 Proven Strategies to Nurture Your Child?s Developing,Non-Fiction,171243,,3,29-Aug-20 01:32:32 BST,,114814934,1000,false
383685043297,ITEM00124,,,,2,0,,�5.41,20-Aug-20,,New,9,Still Me: Discover the love story that captured 21 million hearts,Fiction,171228,,3,29-Aug-20 01:32:32 BST,,16031183898,1000,false
383685043298,ITEM00144,,,,2,0,,�9.73,20-Aug-20,,New,9,Mindset - Updated Edition: Changing The Way You think To Fulfil Your Potential,Non-Fiction,171243,,3,29-Aug-20 01:32:32 BST,,231215255,1000,false
383685043299,ITEM00170,,,,2,0,,�8.84,20-Aug-20,,New,9,Alien Next Door,Non-Fiction,171243,,3,29-Aug-20 01:32:32 BST,,226030650,1000,false
383685043300,ITEM00191,,,,2,0,,�9.03,20-Aug-20,,New,9,"Life Leverage: How to Get More Done in Less Time, Outsource Everything & Create",Non-Fiction,171243,,3,29-Aug-20 01:32:32 BST,,222347737,1000,false
383685043301,ITEM00123,,,,2,0,,�6.92,20-Aug-20,,New,9,A Boy Called Christmas,Fiction,171219,,3,29-Aug-20 01:32:32 BST,,227318115,1000,false
383685043302,ITEM00154,,,,2,0,,�13.24,20-Aug-20,,New,9,"The Metabolic Effect Diet: Eat More, Work Out Less, and Actually Lose Weight",Non-Fiction,171243,,3,29-Aug-20 01:32:32 BST,,176900696,1000,false
383685043303,ITEM00163,,,,0,0,,�7.98,20-Aug-20,,New,9,Tall Tales and Wee Stories: The Best of Billy Connolly,Non-Fiction,171243,,3,29-Aug-20 01:32:32 BST,,11035046432,1000,false
383685043304,ITEM00106,,,,2,0,,�18.86,20-Aug-20,,New,9,Low Tox Life: A handbook for a healthy you and happy planet,Non-Fiction,171243,,3,29-Aug-20 01:32:32 BST,,,1000,false
383685043305,ITEM00192,,,,2,0,,�15.17,20-Aug-20,,New,9,Stop Doing That Sh*t,Non-Fiction,171243,,3,29-Aug-20 01:32:32 BST,,,1000,false
383685043306,ITEM00118,,,,2,0,,�7.03,20-Aug-20,,New,9,The Little Book of Mindfulness: Focus. Slow Down. De-Stress.,Non-Fiction,171243,,3,29-Aug-20 01:32:32 BST,,176536161,1000,false
383685043307,ITEM00187,,,,2,0,,�8.64,20-Aug-20,,New,9,Lustrum: Cicero Trilogy 2,Fiction,171228,,3,29-Aug-20 01:32:32 BST,,93134984,1000,false
383685043308,ITEM00116,,,,2,0,,�14.40,20-Aug-20,,New,9,Harry Potter and the Chamber of Secrets: Illustrated Edition Harry Potter,Fiction,171219,,3,29-Aug-20 01:32:32 BST,,,1000,false
383685043309,ITEM00107,,,,2,0,,�7.08,20-Aug-20,,New,9,Olive Kitteridge: A Novel in Stories,Fiction,171228,,3,29-Aug-20 01:32:32 BST,,102621012,1000,false
383685043310,ITEM00125,,,,2,0,,�13.68,20-Aug-20,,New,9,Cool Kids Cook: Delicious Recipes and Fabulous Facts to Turn You into a Kitchen,Non-Fiction,171243,,3,29-Aug-20 01:32:32 BST,,221694652,1000,false
383685043311,ITEM00121,,,,2,0,,�18.28,20-Aug-20,,New,9,"Nadiya's Kitchen: Over 100 simple, delicious, family recipes from the Bake Off",Non-Fiction,171243,,3,29-Aug-20 01:32:32 BST,,221116636,1000,false
383685043312,ITEM00132,,,,2,0,,�16.41,20-Aug-20,,New,9,Fitter Faster: Your best ever body in under 8 weeks,Non-Fiction,171243,,3,29-Aug-20 01:32:32 BST,,,1000,false
383685043313,ITEM00174,,,,2,0,,�16.60,20-Aug-20,,New,9,"Allotment Month By Month: Grow your Own Fruit and Vegetables, Know What to do",Non-Fiction,171243,,3,29-Aug-20 01:32:32 BST,,6033525164,1000,false
383685043314,ITEM00167,,,,2,0,,�14.99,20-Aug-20,,New,9,No-Drama Discipline: the bestselling parenting guide to nurturing your child's,Non-Fiction,171243,,3,29-Aug-20 01:32:32 BST,,209475296,1000,false
383685043315,ITEM00168,,,,2,0,,�23.03,20-Aug-20,,New,9,The Art of Hammer - Posters from the Archive of Hammer Films Updated Edition,Non-Fiction,171243,,3,29-Aug-20 01:32:32 BST,,227803245,1000,false
383685043316,ITEM00180,,,,2,0,,�7.66,20-Aug-20,,New,9,Class A: Book 2 CHERUB,Fiction,171219,,3,29-Aug-20 01:32:32 BST,,87919842,1000,false
383685043317,ITEM00095,,,,2,0,,�6.00,20-Aug-20,,New,9,Pete the Cat I Love My White Shoes,Non-Fiction,171210,,3,29-Aug-20 01:32:32 BST,,194146949,1000,false
383685043318,ITEM00165,,,,0,0,,�13.10,20-Aug-20,,New,9,The Art of Ghost in the Shell,DVDs & Blu-rays,617,,3,29-Aug-20 01:32:32 BST,,233174252,1000,false
383685043319,ITEM00175,,,,2,0,,�21.97,20-Aug-20,,New,9,Polska: New Polish Cooking,Non-Fiction,171243,,3,29-Aug-20 01:32:32 BST,,222322250,1000,false
383685043320,ITEM00166,,,,2,0,,�15.92,20-Aug-20,,New,9,"Crust: From Sourdough, Spelt and Rye Bread to Ciabatta, Bagels and Brioche. BBC",Non-Fiction,171243,,3,29-Aug-20 01:32:32 BST,,115617073,1000,false
383685043321,ITEM00182,,,,2,0,,�13.63,20-Aug-20,,New,9,The IBS Elimination Diet and Cookbook: The Low-Fodmap Plan for Eating Well and,Non-Fiction,171243,,3,29-Aug-20 01:32:32 BST,,233428800,1000,false
383685043322,ITEM00139,,,,2,0,,�13.14,20-Aug-20,,New,9,You Will be Able to Draw Faces by the End of This Book,Non-Fiction,171243,,3,29-Aug-20 01:32:32 BST,,,1000,false
383685043323,ITEM00140,,,,2,0,,�17.27,20-Aug-20,,New,9,The Handmade Apothecary: Healing herbal remedies: Healing herbal recipes,Non-Fiction,171243,,3,29-Aug-20 01:32:32 BST,,233013359,1000,false
383685043324,ITEM00145,,,,2,0,,�5.97,20-Aug-20,,New,9,New Moon: 2 Twilight Saga,Fiction,171219,,3,29-Aug-20 01:32:32 BST,,91560490,1000,false
383685043325,ITEM00091,,,,2,0,,�16.41,20-Aug-20,,New,9,Dough,Non-Fiction,171243,,3,29-Aug-20 01:32:32 BST,,87366200,1000,false
383685043326,ITEM00142,,,,2,0,,�13.67,20-Aug-20,,New,9,The Curry Guy: Recreate Over 100 of the Best British Indian Restaurant Recipes,Non-Fiction,171243,,3,29-Aug-20 01:32:32 BST,,234098946,1000,false
383685043327,ITEM00120,,,,2,0,,�8.21,20-Aug-20,,New,9,The Missionary Position: Mother Teresa in Theory and Practice,Non-Fiction,171243,,3,29-Aug-20 01:32:32 BST,,176567450,1000,false
383685043328,ITEM00111,,,,2,0,,�22.41,20-Aug-20,,New,9,Deliciously Ella The Plant-Based Cookbook: The fastest selling vegan cookbook,Non-Fiction,171243,,3,29-Aug-20 01:32:32 BST,,11032158799,1000,false
383685043329,ITEM00178,,,,2,0,,�10.67,20-Aug-20,,New,9,The Perfect Puppy: Take Britain's Number One Puppy Care Book With You,Non-Fiction,171243,,3,29-Aug-20 01:32:32 BST,,91537423,1000,false
383685043330,ITEM00151,,,,2,0,,�9.56,20-Aug-20,,New,9,Outlander: Outlander 1,Equipment Manuals & Books,257888,,3,29-Aug-20 01:32:32 BST,,209585197,1000,false
383685043331,ITEM00129,,,,2,2,,�2.92,20-Aug-20,,New,9,The Beautiful and Damned Collins Classics,Fiction,171228,,3,29-Aug-20 01:32:32 BST,,138612521,1000,false
383685043332,ITEM00136,,,,2,0,,�18.88,20-Aug-20,,New,9,The Longevity Paradox: How to Die Young at a Ripe Old Age The Plant Paradox,Non-Fiction,171243,,3,29-Aug-20 01:32:32 BST,,,1000,false
383685043333,ITEM00160,,,,2,0,,�8.21,20-Aug-20,,New,9,"Letters to the Midwife: Correspondence with Jennifer Worth, the Author of Call",Non-Fiction,171243,,3,29-Aug-20 01:32:32 BST,,209539285,1000,false
383685043334,ITEM00128,,,,2,1,,�9.35,20-Aug-20,,New,9,Dirty Vegan,Non-Fiction,171243,,3,29-Aug-20 01:32:32 BST,,14031183338,1000,false
383685043335,ITEM00195,,,,2,0,,�23.24,20-Aug-20,,New,9,Gordon Ramsay's Ultimate Home Cooking,Non-Fiction,171243,,3,29-Aug-20 01:32:32 BST,,176679112,1000,false
383685043336,ITEM00172,,,,2,0,,�15.11,20-Aug-20,,New,9,Baby's Record Book: Your First Five Years Baby Record Book,Non-Fiction,171243,,3,29-Aug-20 01:32:32 BST,,88442026,1000,false
383685043337,ITEM00184,,,,2,0,,�22.59,20-Aug-20,,New,9,The Good Gut Guide: Delicious Recipes & a Simple 6-Week Plan for Inner Health &,Non-Fiction,171243,,3,29-Aug-20 01:32:32 BST,,234178704,1000,false
383685043338,ITEM00108,,,,2,0,,�13.44,20-Aug-20,,New,9,"You Are a Badass Every Day: How to Keep Your Motivation Strong, Your Vibe High,",Non-Fiction,171243,,3,29-Aug-20 01:32:32 BST,,,1000,false
383685043339,ITEM00149,,,,2,0,,�14.18,20-Aug-20,,New,9,"Not Just Jam: The Fat Pig Farm book of preserves, pickles and sauces",Non-Fiction,171243,,3,29-Aug-20 01:32:32 BST,,223043019,1000,false
383685043340,ITEM00092,,,,2,0,,�10.87,20-Aug-20,,New,9,Play the Forest School Way: Woodland Games and Crafts for Adventurous Kids,Non-Fiction,171243,,3,29-Aug-20 01:32:32 BST,,221122730,1000,false
383685043341,ITEM00185,,,,2,0,,�4.79,20-Aug-20,,New,9,Really RELAXING Colouring Book 6: Indian Summer: A Jewelled Journey through,Non-Fiction,171243,,3,29-Aug-20 01:32:32 BST,,212808124,1000,false
383685043342,ITEM00173,,,,2,0,,�7.03,20-Aug-20,,New,9,"Night Monkey, Day Monkey: 1",Fiction,171219,,3,29-Aug-20 01:32:32 BST,,221166865,1000,false
383685043343,ITEM00194,,,,2,0,,�21.95,20-Aug-20,,New,9,World of Warcraft The Official Cookbook,Non-Fiction,171243,,3,29-Aug-20 01:32:32 BST,,,1000,false
383685043344,ITEM00164,,,,2,0,,�12.94,20-Aug-20,,New,9,Type 1 and Type 2 Diabetes Cookbook: Low carb recipes for the whole family,Non-Fiction,171243,,3,29-Aug-20 01:32:32 BST,,223005089,1000,false
383685043345,ITEM00135,,,,2,0,,�5.96,20-Aug-20,,New,9,"The Skinny Ice Cream Maker: Delicious Lower Fat, Lower Calorie Ice Cream,",Ice Cream & Frozen Yoghurt Makers,20676,,3,29-Aug-20 01:32:32 BST,,,1000,false
383685043346,ITEM00117,,,,2,0,,�7.03,20-Aug-20,,New,9,The Dog Who Saved the World,Fiction,171228,,3,29-Aug-20 01:32:32 BST,,,1000,false
383685043347,ITEM00098,,,,2,0,,�8.84,20-Aug-20,,New,9,"Attached: Are you Anxious, Avoidant or Secure? How the science of adult",Non-Fiction,171243,,3,29-Aug-20 01:32:32 BST,,,1000,false
383685043348,ITEM00127,,,,2,0,,�9.56,20-Aug-20,,New,9,Incognito: The Secret Lives of The Brain Canons,Non-Fiction,171243,,3,29-Aug-20 01:32:32 BST,,223147938,1000,false
383685043349,ITEM00113,,,,2,0,,�7.42,20-Aug-20,,New,9,I Let You Go: The Richard & Judy Bestseller,Fiction,171228,,3,29-Aug-20 01:32:32 BST,,212574474,1000,false
383685043350,ITEM00104,,,,2,0,,�18.86,20-Aug-20,,New,9,How To Make Sourdough: 45 recipes for great-tasting sourdough breads that are,Non-Fiction,171243,,3,29-Aug-20 01:32:32 BST,,221673822,1000,false
383685043351,ITEM00155,,,,2,0,,�23.15,20-Aug-20,,New,9,Gordon Ramsay Ultimate Fit Food: Mouth-watering recipes to fuel you for life,Non-Fiction,171243,,3,29-Aug-20 01:32:32 BST,,28032712926,1000,false
383685043352,ITEM00094,,,,2,0,,�7.71,20-Aug-20,,New,9,The Cthulhu Casebooks - Sherlock Holmes and the Sussex Sea-Devils: 3,Fiction,171228,,3,29-Aug-20 01:32:32 BST,,,1000,false
383685043353,ITEM00156,,,,2,0,,�8.05,20-Aug-20,,New,9,Sussex Downs Murder British Library Crime Classics,Fiction,171228,,3,29-Aug-20 01:32:32 BST,,212757518,1000,false
383685043354,ITEM00100,,,,2,0,,�23.20,20-Aug-20,,New,9,Zaitoun: Recipes and Stories from the Palestinian Kitchen,Non-Fiction,171243,,3,29-Aug-20 01:32:32 BST,,28018282336,1000,false
383685043355,ITEM00171,,,,2,0,,�8.16,20-Aug-20,,New,9,JOG ON: How Running Saved My Life,Non-Fiction,171243,,3,29-Aug-20 01:32:32 BST,,,1000,false
383685043356,ITEM00196,,,,2,0,,�7.93,20-Aug-20,,New,9,The Fast 800: How to combine rapid weight loss and intermittent fasting for,Non-Fiction,171243,,3,29-Aug-20 01:32:32 BST,,19031187224,1000,false
383685043357,ITEM00186,,,,2,0,,�18.62,20-Aug-20,,New,9,Lifespan: Why We Age � and Why We Don�t Have To,Non-Fiction,171243,,3,29-Aug-20 01:32:32 BST,,27034755506,1000,false
383685043358,ITEM00138,,,,2,0,,�29.74,20-Aug-20,,New,9,The Movie Art of Syd Mead: Visual Futurist,Non-Fiction,171243,,3,29-Aug-20 01:32:32 BST,,238570023,1000,false
383685043359,ITEM00103,,,,2,0,,�5.96,20-Aug-20,,New,9,"The Skinny Steamer Recipe Book: Delicious Healthy, Low Calorie, Low Fat Steam",Non-Fiction,171243,,3,29-Aug-20 01:32:32 BST,,209581977,1000,false
383685043360,ITEM00200,,,,2,0,,�7.66,20-Aug-20,,New,9,Growing Up for Boys,Non-Fiction,171210,,3,29-Aug-20 01:32:32 BST,,176638355,1000,false
383685043361,ITEM00159,,,,2,0,,�13.93,20-Aug-20,,New,9,"Maybe You Should Talk to Someone: the heartfelt, funny memoir by a New York",Non-Fiction,171243,,3,29-Aug-20 01:32:32 BST,,,1000,false
383685043362,ITEM00133,,,,2,0,,�7.85,20-Aug-20,,New,9,Lord of the Flies: with an introduction by Stephen King,Fiction,171228,,3,29-Aug-20 01:32:32 BST,,109255491,1000,false
383685043363,ITEM00153,,,,2,0,,�18.87,20-Aug-20,,New,9,The Scandinavian Home: Interiors inspired by light,Non-Fiction,171243,,3,29-Aug-20 01:32:32 BST,,232959270,1000,false
383685043364,ITEM00152,,,,2,0,,�9.00,20-Aug-20,,New,9,You Are a Badass: How to Stop Doubting Your Greatness and Start Living an,Non-Fiction,171243,,3,29-Aug-20 01:32:32 BST,,16026722356,1000,false
383685043365,ITEM00093,,,,2,0,,�7.03,20-Aug-20,,New,9,Why Is This Night Different from All Other Nights? All The Wrong Questions,Fiction,171219,,3,29-Aug-20 01:32:32 BST,,224053153,1000,false
383685043366,ITEM00162,,,,0,0,,�9.26,20-Aug-20,,New,9,Tom Kerridge's Fresh Start: Eat well every day with all the recipes from Tom�s,Non-Fiction,171243,,3,29-Aug-20 01:32:32 BST,,28031189050,1000,false
383685043367,ITEM00161,,,,2,0,,�9.03,20-Aug-20,,New,9,The Gut Makeover Recipe Book,Non-Fiction,171243,,3,29-Aug-20 01:32:32 BST,,221135225,1000,false
383685043368,ITEM00199,,,,2,0,,�7.66,20-Aug-20,,New,9,The Wolf Wilder,Fiction,171219,,3,29-Aug-20 01:32:32 BST,,222313703,1000,false
383685043369,ITEM00193,,,,2,0,,�13.67,20-Aug-20,,New,9,"Way of the Wolf: Straight line selling: Master the art of persuasion,",Non-Fiction,171243,,3,29-Aug-20 01:32:32 BST,,239347986,1000,false
383685043370,ITEM00099,,,,2,0,,�7.03,20-Aug-20,,New,9,The Girl Who Saved Christmas,Fiction,171219,,3,29-Aug-20 01:32:32 BST,,239177448,1000,false
383685043371,ITEM00190,,,,2,0,,�10.48,20-Aug-20,,New,9,The Silk Roads: A New History of the World,Non-Fiction,171243,,3,29-Aug-20 01:32:32 BST,,222020380,1000,false
383685043372,ITEM00109,,,,2,0,,�9.03,20-Aug-20,,New,9,"10% Happier: How I Tamed the Voice in My Head, Reduced Stress Without Losing My",Non-Fiction,171243,,3,29-Aug-20 01:32:32 BST,,223020079,1000,false
383685043374,ITEM00201,,,,2,0,,�7.03,20-Aug-20,,New,9,The Official Pok�mon Colour and Draw,Fiction,171228,,3,29-Aug-20 01:32:32 BST,,,1000,false
383685043375,ITEM00147,,,,2,0,,�14.41,20-Aug-20,,New,9,Edward's Menagerie: Birds: Over 40 soft toy patterns for crochet birds,Non-Fiction,171243,,3,29-Aug-20 01:32:32 BST,,214741113,1000,false
383685043377,ITEM00189,,,,2,0,,�8.64,20-Aug-20,,New,9,"The Death of Kings Emperor Series, Book 2",Fiction,171228,,3,29-Aug-20 01:32:32 BST,,111707670,1000,false
383685043379,ITEM00158,,,,2,0,,�17.64,20-Aug-20,,New,9,Ferment: A practical guide to the ancient art of making cultured foods,Non-Fiction,171243,,3,29-Aug-20 01:32:32 BST,,238792954,1000,false
383685043380,ITEM00197,,,,2,0,,�4.83,20-Aug-20,,New,9,The 52-Storey Treehouse The Treehouse Books : The Treehouse Books 05 The,Fiction,171219,,3,29-Aug-20 01:32:32 BST,,223110697,1000,false
383685043381,ITEM00198,,,,2,0,,�22.31,20-Aug-20,,New,9,"In Bloom: Growing, harvesting and arranging flowers all year round",Non-Fiction,171243,,3,29-Aug-20 01:32:32 BST,,3031482603,1000,false
383685043382,ITEM00146,,,,2,0,,�11.59,20-Aug-20,,New,9,"Lean in 15 - The Shape Plan: 15 Minute Meals With Workouts to Build a Strong,",Non-Fiction,171243,,3,29-Aug-20 01:32:32 BST,,221162616,1000,false
383685043383,ITEM00206,,,,2,0,,�15.18,20-Aug-20,,New,9,I Am Not Your Baby Mother: THE SUNDAY TIMES BESTSELLER,Fiction,171228,,3,29-Aug-20 01:32:32 BST,,,1000,false
383685043384,ITEM00157,,,,2,0,,�8.64,20-Aug-20,,New,9,The Hog's Back Mystery British Library Crime Classics,Fiction,171228,,3,29-Aug-20 01:32:32 BST,,213351649,1000,false
383685043385,ITEM00207,,,,2,0,,�15.19,20-Aug-20,,New,9,"The Conscious Parent: Transforming Ourselves, Empowering Our Children",Non-Fiction,171243,,3,29-Aug-20 01:32:32 BST,,,1000,false
383685043386,ITEM00204,,,,2,0,,�7.03,20-Aug-20,,New,9,Funniest Storybook Ever,Non-Fiction,171210,,3,29-Aug-20 01:32:32 BST,,99765659,1000,false
383685043387,ITEM00179,,,,2,0,,�25.06,20-Aug-20,,New,9,"The White Company, For the Love of White: The White & Neutral Home",Non-Fiction,171243,,3,29-Aug-20 01:32:32 BST,,6034598830,1000,false
383685043388,ITEM00205,,,,2,0,,�7.71,20-Aug-20,,New,9,Children of Blood and Bone,Fiction,171228,,3,29-Aug-20 01:32:32 BST,,,1000,false
383685043389,ITEM00183,,,,2,0,,�11.59,20-Aug-20,,New,9,BISH BASH BOSH!: The Sunday Times bestseller,Non-Fiction,171243,,3,29-Aug-20 01:32:32 BST,,15032262182,1000,false
383685043390,ITEM00209,,,,2,0,,�8.05,20-Aug-20,,New,9,The Lake District Murder British Library Crime Classics,Fiction,171228,,3,29-Aug-20 01:32:32 BST,,200752519,1000,false
383685043392,ITEM00212,,,,2,0,,�8.71,20-Aug-20,,New,9,All New Dad Jokes: The perfect gift from the Instagram sensation @DadSaysJokes,Non-Fiction,171243,,3,29-Aug-20 01:32:32 BST,,,1000,false
383685043393,ITEM00208,,,,2,0,,�10.46,20-Aug-20,,New,9,The Sirt Diet Cookbook,Non-Fiction,171243,,3,29-Aug-20 01:32:32 BST,,221130554,1000,false
383685043394,ITEM00202,,,,2,0,,�15.55,20-Aug-20,,New,9,"The Beginner's KetoDiet Cookbook: Over 100 Delicious Whole Food, Low-Carb",Non-Fiction,171243,,3,29-Aug-20 01:32:32 BST,,,1000,false
383685043395,ITEM00210,,,,2,1,,�5.96,20-Aug-20,,New,9,"The Skinny Slow Cooker Recipe Book: Delicious Recipes Under 300, 400 And 500",Non-Fiction,171243,,3,29-Aug-20 01:32:32 BST,,176788031,1000,false
383685043396,ITEM00134,,,,2,0,,�7.66,20-Aug-20,,New,9,Quest Journey Trilogy 2,Non-Fiction,171210,,3,29-Aug-20 01:32:32 BST,,212998506,1000,false
383685043398,ITEM00215,,,,2,0,,�9.72,20-Aug-20,,New,9,"The Happiness Trap: Stop Struggling, Start Living",Non-Fiction,171243,,3,29-Aug-20 01:32:32 BST,,88494386,1000,false
383685043399,ITEM00203,,,,2,0,,�13.65,20-Aug-20,,New,9,Clever Guts Diet Recipe Book: 150 delicious recipes to mend your gut and boost,Non-Fiction,171243,,3,29-Aug-20 01:32:32 BST,,16026722305,1000,false
383685043401,ITEM00214,,,,2,0,,�5.39,20-Aug-20,,New,9,Ash's Big Challenge: Book 1 The Official Pok�mon Fiction,Fiction,171219,,3,29-Aug-20 01:32:32 BST,,236738864,1000,false
383685043402,ITEM00213,,,,2,0,,�9.03,20-Aug-20,,New,9,Making Fantasy Cloth Dolls,Non-Fiction,171243,,3,29-Aug-20 01:32:32 BST,,176490817,1000,false
383685043403,ITEM00219,,,,2,0,,�20.12,20-Aug-20,,New,9,Matilda and The Ramsay Bunch: Tilly�s Kitchen Takeover,Non-Fiction,171243,,3,29-Aug-20 01:32:32 BST,,234141183,1000,false
383685043404,ITEM00217,,,,2,0,,�10.41,20-Aug-20,,New,9,"Charles Dowding's Veg Journal: Expert no-dig advice, month by month",Non-Fiction,171243,,3,29-Aug-20 01:32:32 BST,,,1000,false
383685043406,ITEM00211,,,,2,0,,�14.41,20-Aug-20,,New,9,"Making Luna Lapin: Sew and dress Luna, a quiet and kind rabbit with impeccable",Non-Fiction,171243,,3,29-Aug-20 01:32:32 BST,,225635102,1000,false
383685043408,ITEM00218,,,,2,0,,�7.66,20-Aug-20,,New,9,Journey Journey Trilogy 1,Non-Fiction,171210,,3,29-Aug-20 01:32:32 BST,,209490256,1000,false
383685043409,ITEM00216,,,,2,0,,�11.60,20-Aug-20,,New,9,"Me and White Supremacy: How to Recognise Your Privilege, Combat Racism and",Non-Fiction,171243,,3,29-Aug-20 01:32:32 BST,,19036208060,1000,false
383685043410,ITEM00223,,,,2,0,,�7.42,20-Aug-20,,New,9,"This Book Is Anti-Racist: 20 lessons on how to wake up, take action, and do the",Non-Fiction,171243,,3,29-Aug-20 01:32:32 BST,,,1000,false
383685043411,ITEM00226,,,,2,0,,�14.18,20-Aug-20,,New,9,Letting Go: The Pathway of Surrender,Non-Fiction,171243,,3,29-Aug-20 01:32:32 BST,,176829837,1000,false
383685043412,ITEM00101,,,,2,0,,�15.17,20-Aug-20,,New,9,The Alzheimer's Solution: A revolutionary guide to how you can prevent and,Non-Fiction,171243,,3,29-Aug-20 01:32:32 BST,,239177198,1000,false
383685043413,ITEM00221,,,,2,0,,�6.83,20-Aug-20,,New,9,The Secret Diary of Adrian Mole Aged 13 3/4: Adrian Mole Book 1,Fiction,171228,,3,29-Aug-20 01:32:32 BST,,111682712,1000,false
383685043415,ITEM00220,,,,0,0,,�7.97,20-Aug-20,,New,9,Soup Maker - Soup Making Made Easy,Non-Fiction,171243,,3,29-Aug-20 01:32:32 BST,,111992658,1000,false
383685043416,ITEM00225,,,,2,0,,�5.61,20-Aug-20,,New,9,Hamlyn All Colour Cookery: 200 Really Easy Recipes: Hamlyn All Colour Cookbook,Non-Fiction,171243,,3,29-Aug-20 01:32:32 BST,,223710411,1000,false
383685043417,ITEM00227,,,,2,0,,�7.71,20-Aug-20,,New,9,The 5th Wave Book 1,Fiction,171219,,3,29-Aug-20 01:32:32 BST,,148895614,1000,false
383685043418,ITEM00228,,,,2,0,,�9.03,20-Aug-20,,New,9,Learn Acrylics Quickly Learn Quickly,Non-Fiction,171243,,3,29-Aug-20 01:32:32 BST,,,1000,false
383685043419,ITEM00222,,,,2,0,,�6.33,20-Aug-20,,New,9,Reaching Down the Rabbit Hole: Extraordinary Journeys into the Human Brain,Non-Fiction,171243,,3,29-Aug-20 01:32:32 BST,,221138150,1000,false
383685043420,ITEM00230,,,,2,0,,�10.46,20-Aug-20,,New,9,The Switch,Fiction,171228,,3,29-Aug-20 01:32:32 BST,,,1000,false
383685043422,ITEM00224,,,,2,0,,�5.39,20-Aug-20,,New,9,Claude in the City,Fiction,171219,,3,29-Aug-20 01:32:32 BST,,97721137,1000,false
383685043423,ITEM00229,,,,2,0,,�13.46,20-Aug-20,,New,9,"Kawaii Doodle Class: Sketching Super-Cute Tacos, Sushi, Clouds, Flowers,",Adult Learning & University,1105,,3,29-Aug-20 01:32:32 BST,,238545006,1000,false
383685043424,ITEM00231,,,,2,0,,�11.10,20-Aug-20,,New,9,The Come As You Are Workbook: a practical guide to the science of sex: 2,Non-Fiction,171243,,3,29-Aug-20 01:32:32 BST,,,1000,false
383685043373,ITEM00102,,,,2,0,,�10.66,20-Aug-20,,New,9,The Autoimmune Paleo Cookbook: An allergen-free approach to managing chronic,Non-Fiction,171243,,3,29-Aug-20 01:32:32 BST,,221789810,1000,false
383696597636,ITEM00390,,,,1,0,,�11.06,29-Aug-20,,New,9,The Excursion Train The Railway Detective Series,Fiction,171228,,3,29-Aug-20 01:32:32 BST,,87764764,1000,false
383696597638,ITEM00389,,,,1,0,,�6.00,29-Aug-20,,New,9,This Book Could Save Your Life: The Science of Living Longer Better,Non-Fiction,171243,,3,29-Aug-20 01:32:32 BST,,14035824287,1000,false
383696597661,ITEM00413,,,,1,0,,�10.50,29-Aug-20,,New,9,Bburago Ferrari F1 SF-15T S. Vettel 1:43 Assorted Models,"Other Home, Furniture & DIY",181076,,3,29-Aug-20 01:32:32 BST,,,1000,false
383696597667,ITEM00416,,,,1,0,,�9.00,29-Aug-20,,New,9,Meat-Free One Pound Meals: 85 delicious vegetarian recipes all for �1 per person,Non-Fiction,171243,,3,29-Aug-20 01:32:32 BST,,28035814521,1000,false
383696597670,ITEM00415,,,,1,0,,�6.00,29-Aug-20,,New,9,Peppa Pig: Little Library,Non-Fiction,171210,,3,29-Aug-20 01:32:32 BST,,89110081,1000,false
383696597672,ITEM00424,,,,1,0,,�14.38,29-Aug-20,,New,9,Haxnicks Deep Rootrainer Set 32 Cells 12CM Deep,Seed Starting Pots & Trays,159452,,3,29-Aug-20 01:32:32 BST,,17032164096,1000,false
383696597675,ITEM00420,,,,1,0,,�3.48,29-Aug-20,,New,9,Alphabet Fun,Classroom & Teaching Supplies,102955,,3,29-Aug-20 01:32:32 BST,,,1000,false
383696597677,ITEM00422,,,,1,0,,�11.98,29-Aug-20,,New,9,Esschert Design Garden Tool Belt - Green,"Tool Carriers, Aprons & Belts",75668,,3,29-Aug-20 01:32:32 BST,,,1000,false
383696597681,ITEM00423,,,,1,0,,�7.57,29-Aug-20,,New,9,"K�rcher 1 L Ultra Foam Cleaner, Pressure Washer Detergent",Pressure Washers,50388,,3,29-Aug-20 01:32:32 BST,,,1000,false
383696597687,ITEM00431,,,,1,0,,�7.50,29-Aug-20,,New,9,Viz Annual 2020: The Trumpeter's Lips: A Rousing Blast from the pages of Issues,Fiction,171228,,3,29-Aug-20 01:32:32 BST,,2305154111,1000,false
383696597689,ITEM00435,,,,1,0,,�19.47,29-Aug-20,,New,9,Cross Nile Pure Chrome Ball Pen - Silver,Ballpoint Pens,7279,,3,29-Aug-20 01:32:32 BST,,,1000,false
383696597692,ITEM00437,,,,1,0,,�10.48,29-Aug-20,,New,9,Inspired Bird Feeder Cleaner and Sanitiser,Other Bird & Wildlife Accs,75579,,3,29-Aug-20 01:32:32 BST,,,1000,false
383696597719,ITEM00462,,,,1,0,,�11.54,29-Aug-20,,New,9,"Landmann 0276 Grill Chef Series- Protective Cover for Barbecue, 110 X 130 X 60",Barbecue Covers,79686,,3,29-Aug-20 01:32:32 BST,,1437666963,1000,false
383696597731,ITEM00475,,,,1,0,,�45.00,29-Aug-20,,New,9,Harry Potter Children's Collection,Fiction,171219,,3,29-Aug-20 01:32:32 BST,,209611666,1000,false
383696597732,ITEM00470,,,,1,0,,�17.25,29-Aug-20,,New,9,Tommee Tippee Perfect Prep Replacement Filter,Other Baby Feeding,20405,,3,29-Aug-20 01:32:32 BST,,12026640691,1000,false
383696597734,ITEM00477,,,,1,0,,�4.49,29-Aug-20,,New with tags,9,"Unique Party 59071 Warner Bros Novelty Harry Potter Glasses Party Bag Fillers,",Unisex Fancy Dress,86207,,3,29-Aug-20 01:32:32 BST,,,1000,false
383696597771,ITEM00511,,,,1,0,,�3.97,29-Aug-20,,New,9,L'Oreal Elvive Colour Protect Anti-Brassiness Purple Shampoo 200ml,Shampoos & Conditioners,177661,,3,29-Aug-20 01:32:32 BST,,,1000,false
383696597794,ITEM00531,,,,1,0,,�3.00,29-Aug-20,,New,9,Peppa Pig: Practise with Peppa: Wipe-Clean First Numbers,Non-Fiction,171210,,3,29-Aug-20 01:32:32 BST,,213138674,1000,false
383696597839,ITEM00571,,,,1,0,,�11.74,29-Aug-20,,New,9,"Mod Podge 8 oz Waterbase Sealer, Glue and Finish, Gloss",Glues & Pastes,161586,,3,29-Aug-20 01:32:32 BST,,27034025624,1000,false
383696597851,ITEM00581,,,,1,0,,�19.48,29-Aug-20,,New,9,Vtech Baby Vtech Stack and Discover Rings,Other Sensory Toys,184592,,3,29-Aug-20 01:32:32 BST,,,1000,false
383696597884,ITEM00614,,,,1,0,,�3.58,29-Aug-20,,New,9,Helix Oxford Clash Student Stationery Set - Blue,Other School Equipment,3142,,3,29-Aug-20 01:32:32 BST,,,1000,false
383696597870,ITEM00600,,,,1,0,,�7.48,29-Aug-20,,New,9,Papo 56002 White Shark Figure,Animals & Dinosaurs,175692,,3,29-Aug-20 01:32:32 BST,,,1000,false
383696597882,ITEM00611,,,,1,0,,�44.98,29-Aug-20,,New,9,"Targus Chill Mat Cooling Pad, Lightweight and Easy to Carry for 17-Inch Laptop,",Laptop Cooling Pads,96915,,3,29-Aug-20 01:32:32 BST,,,1000,false
383696597885,ITEM00612,,,,1,0,,�89.40,29-Aug-20,,New,9,"GPO 200 Classic Vintage Phone - Rotary Dial, Cloth Cord, Traditional Bell Ring",Telephone,985,,3,29-Aug-20 01:32:32 BST,,,1000,false
383696597886,ITEM00613,,,,1,0,,�4.49,29-Aug-20,,New,9,"House of Card & Paper Reward Chart, 4 Charts and 225 Foil Star Shaped Stickers",Other School Equipment,3142,,3,29-Aug-20 01:32:32 BST,,,1000,false
383696597889,ITEM00606,,,,1,0,,�8.77,29-Aug-20,,New,9,"DAS 387600 Modelling Clay, 1kg, Terracotta",Other Crafts,75576,,3,29-Aug-20 01:32:32 BST,,,1000,false
383696597497,ITEM00260,,,,1,0,,�30.00,29-Aug-20,,,9,The Element Encyclopedia of 5000 Spells: The Ultimate Reference Book for the,Non-Fiction,171243,,3,29-Aug-20 01:32:32 BST,,92054846,,false
383696597496,ITEM00258,,,,1,0,,�16.65,29-Aug-20,,,9,Faithfull 915mm/ 36-inch Hickory Log Splitter Handle,Axes & Hatchets,39729,,3,29-Aug-20 01:32:32 BST,,,,false
383696597500,ITEM00267,,,,1,0,,�17.43,29-Aug-20,,,9,Fisher-Price BLT37 Shakeand Beats Tambourine,Other Sensory Toys,184592,,3,29-Aug-20 01:32:32 BST,,,,false
383696597489,ITEM00256,,,,1,0,,�3.90,29-Aug-20,,,9,GIOTTO SCHOOL PAINT 250ML BLACK,Acrylic Paint,31401,,3,29-Aug-20 01:32:32 BST,,,,false
383696597488,ITEM00253,,,,1,0,,�4.50,29-Aug-20,,,9,SOME SUNNY DAY,Non-Fiction,171243,,3,29-Aug-20 01:32:32 BST,,92610701,,false
383696597491,ITEM00263,,,,1,0,,�4.50,29-Aug-20,,,9,"Bwystfil Gwyrdd Llamsachus, Y",Fiction,171219,,3,29-Aug-20 01:32:32 BST,,235377224,,false
383696597493,ITEM00255,,,,1,0,,�7.18,29-Aug-20,,,9,Helix Oxford Clash Filled Pencil Case Exam Set - Blue,Other School Equipment,3142,,3,29-Aug-20 01:32:32 BST,,,,false
383696597492,ITEM00257,,,,1,0,,�15.54,29-Aug-20,,,9,The Northmen's Fury: A History of the Viking World,Non-Fiction,171243,,3,29-Aug-20 01:32:32 BST,,212697670,,false
383696597484,ITEM00251,,,,1,0,,�4.94,29-Aug-20,,,9,"Unique Party 72673 - Tropical Luau Plastic Tablecloth, 7ft x 4.5ft",Other Party Items & Supplies,3200,,3,29-Aug-20 01:32:32 BST,,,,false
383696597487,ITEM00254,,,,1,0,,�14.18,29-Aug-20,,,9,GoKi Wooden Mosaic Circle Puzzle,Other Sensory Toys,184592,,3,29-Aug-20 01:32:32 BST,,,,false
383696597486,ITEM00252,,,,1,0,,�14.92,29-Aug-20,,,9,B. toys BX1941Z LucKeys 4 Textured Toy Keys for Babies and Toddlers �,Other Sensory Toys,184592,,3,29-Aug-20 01:32:32 BST,,,,false
383696597593,ITEM00354,,,,1,0,,�7.18,29-Aug-20,,,9,Boxer Gifts Grow a Sloth Toy | Just Add Water | Fun for Children,Favours & Party Bag Fillers,26385,,3,29-Aug-20 01:32:32 BST,,23026886189,,false
383696597592,ITEM00350,,,,1,0,,�14.24,29-Aug-20,,,9,"Tognana Times Square Dinner Plate 26x26cm, red",Plates,36030,,3,29-Aug-20 01:32:32 BST,,,,false
383696597595,ITEM00352,,,,1,0,,�3.00,29-Aug-20,,,9,Drop Shot Myron Bolitar 02,Fiction,171228,,3,29-Aug-20 01:32:32 BST,,200335962,,false
383696597594,ITEM00347,,,,1,0,,�5.85,29-Aug-20,,,9,"D�copatch PaperPatch Glue with Glitter, 180 g",Decoupage Tissue Paper,183182,,3,29-Aug-20 01:32:32 BST,,,,false
383696597597,ITEM00355,,,,1,0,,�7.47,29-Aug-20,,,9,"Trefl 17312 Peppa Pig Puzzle, Multi-Colour",Jigsaws,19183,,3,29-Aug-20 01:32:32 BST,,,,false
383696597598,ITEM00356,,,,1,0,,�19.48,29-Aug-20,,,9,"Winning Moves WM00956-EN1-6 HM Queen Elizabeth II Montage Puzzle 1,000pc",Jigsaws,19183,,3,29-Aug-20 01:32:32 BST,,,,false
383696597585,ITEM00344,,,,1,0,,�6.00,29-Aug-20,,,9,Wisdom from The Four Agreements Mini Books Petites Petites S.,Non-Fiction,171243,,3,29-Aug-20 01:32:32 BST,,89631996,,false
383696597586,ITEM00340,,,,1,0,,�17.98,29-Aug-20,,,9,Joseph Joseph DrawerStore Compact Cutlery Organiser tray- Grey,Cutlery Storage,159899,,3,29-Aug-20 01:32:32 BST,,8026548349,,false
383696597589,ITEM00346,,,,1,0,,�7.50,29-Aug-20,,,9,"The Secret Midwife: Life, Death and the Truth about Birth",Other Maternity/Pregnancy,87170,,3,29-Aug-20 01:32:32 BST,,,,false
383696597591,ITEM00345,,,,1,0,,�4.50,29-Aug-20,,,9,Flowers Colour by Numbers Arcturus Colour by Numbers Collection,Non-Fiction,171210,,3,29-Aug-20 01:32:32 BST,,221303003,,false
383696597577,ITEM00335,,,,1,0,,�22.48,29-Aug-20,,,9,Science4You Microscope II Kit Educational Science Toy STEM Toy,Science & Nature,11737,,3,29-Aug-20 01:32:32 BST,,,,false
383696597576,ITEM00334,,,,1,0,,�15.00,29-Aug-20,,,9,"OSCO Acrylic Index Box, Clear Small",Filing & Storage,11834,,3,29-Aug-20 01:32:32 BST,,4034757533,,false
383696597578,ITEM00336,,,,1,0,,�11.84,29-Aug-20,,,9,Ravensburger 12197 Trolls Trolls-72 Piece 3D Jigsaw Puzzle Ball for Kids Age 6,Jigsaws,19183,,3,29-Aug-20 01:32:32 BST,,,,false
383696597581,ITEM00338,,,,1,0,,�6.00,29-Aug-20,,,9,DK Eyewitness Top 10 Prague: 2020 Travel Guide Pocket Travel Guide,Maps & Atlases,69496,,3,29-Aug-20 01:32:32 BST,,,,false
383696597583,ITEM00341,,,,1,0,,�13.50,29-Aug-20,,,9,"Learning Resources LER9283 Color Cubed, Multicoloured",Modern Manufacture,180349,,3,29-Aug-20 01:32:32 BST,,,,false
383696597582,ITEM00339,,,,1,0,,�45.00,29-Aug-20,,,9,Puzzle Mates 1039 Portapuzzle Deluxe 1000 Jigsaw Puzzle Accessory,Jigsaws,19183,,3,29-Aug-20 01:32:32 BST,,20027214357,,false
383696597571,ITEM00329,,,,1,0,,�8.62,29-Aug-20,,,9,DAS CLAY STONE 1 KG,Modelling Clays & Materials,183310,,3,29-Aug-20 01:32:32 BST,,,,false
383696597570,ITEM00327,,,,1,0,,�10.48,29-Aug-20,,,9,"Trixie Dog Activity Flip Board, 23 cm, Assorted color",Toys,177791,,3,29-Aug-20 01:32:32 BST,,16019583337,,false
383696597625,ITEM00377,,,,1,0,,�45.00,29-Aug-20,,,9,"A Song of Ice and Fire, 7 Volumes",Fiction,171228,,3,29-Aug-20 01:32:32 BST,,113898814,,false
383696597626,ITEM00380,,,,1,0,,�12.00,29-Aug-20,,,9,Dirty Vegan: Another Bite,Non-Fiction,171243,,3,29-Aug-20 01:32:32 BST,,13035094027,,false
383696597630,ITEM00382,,,,1,0,,�9.82,29-Aug-20,,,9,The 5th Wave Book 1,Fiction,171219,,3,29-Aug-20 01:32:32 BST,,148895614,,false
383696597617,ITEM00372,,,,1,0,,�28.30,29-Aug-20,,,9,"Puzzle Mates 10715 Portapuzzle Jigsaw Accessory 1000 Pieces , Multi",Other Toys & Games,1039,,3,29-Aug-20 01:32:32 BST,,,,false
383696597618,ITEM00374,,,,1,0,,�10.62,29-Aug-20,,,9,Kids Globe 11cm Traffic Speed Camera With Light + Sound,Other Sensory Toys,184592,,3,29-Aug-20 01:32:32 BST,,,,false
383696597621,ITEM00376,,,,1,0,,�11.58,29-Aug-20,,,9,Orchard Toys Alphabet Flashcards,Reading & Writing,11736,,3,29-Aug-20 01:32:33 BST,,,,false
383696597620,ITEM00370,,,,1,0,,�23.19,29-Aug-20,,,9,"Esschert Design Haken f�r Hanging Basket, Wandhalterung f�r H�ngek�rbe,",TV Stands & Mounts,48656,,3,29-Aug-20 01:32:33 BST,,,,false
383696597622,ITEM00373,,,,1,0,,�14.98,29-Aug-20,,,9,Vallejo Model Air 200 ml Thinners,Paints & Accessories,2594,,3,29-Aug-20 01:32:33 BST,,11026508915,,false
383696597609,ITEM00361,,,,1,0,,�3.00,29-Aug-20,,,9,Wool Wool Trilogy,Fiction,171228,,3,29-Aug-20 01:32:33 BST,,141424634,,false
383696597611,ITEM00364,,,,1,0,,�7.50,29-Aug-20,,,9,"Landmarks of the World: 35 World-Famous Landmarks for Inspiration, Ideas and",Non-Fiction,171243,,3,29-Aug-20 01:32:33 BST,,221102765,,false
383696597610,ITEM00365,,,,1,0,,�8.01,29-Aug-20,,,9,Ready for School Flash Kids Flash Cards,Other Pre-School,19181,,3,29-Aug-20 01:32:33 BST,,,,false
383696597601,ITEM00357,,,,1,0,,�36.96,29-Aug-20,,,9,"GoPro Rechargeable Battery for HERO7 Black, HERO6 Black, HERO5 Black or HERO",Other Camera Accessories,162480,,3,29-Aug-20 01:32:33 BST,,,,false
383696597602,ITEM00360,,,,1,0,,�17.68,29-Aug-20,,,9,"Hunter Nylon Dog Collar with Aluminium Clip, Medium, Red",Collars,63057,,3,29-Aug-20 01:32:33 BST,,,,false
383696597604,ITEM00359,,,,1,0,,�13.48,29-Aug-20,,,9,"Hama Album, Grey Heart Stone, 22 x 22 cm, 200 Photos",Photo Albums & Boxes,73459,,3,29-Aug-20 01:32:33 BST,,,,false
383696597607,ITEM00369,,,,1,0,,�22.94,29-Aug-20,,,9,Ring-Pull Large Bird Feeder for Seeds - Green,Other Bird & Wildlife Accs,75579,,3,29-Aug-20 01:32:33 BST,,,,false
383696597528,ITEM00292,,,,1,0,,�21.48,29-Aug-20,,,9,"Eurographics 60005342 Tea Cups Boxes Puzzle, Various",Jigsaws,19183,,3,29-Aug-20 01:32:33 BST,,,,false
383696597530,ITEM00291,,,,1,0,,�14.98,29-Aug-20,,,9,Frozen Colour and Keep Cutout of Olaf,TV & Movie Character Toys,2624,,3,29-Aug-20 01:32:33 BST,,,,false
383696597533,ITEM00294,,,,1,0,,�4.50,29-Aug-20,,,9,Happy: Finding joy in every day and letting go of perfect,Non-Fiction,171243,,3,29-Aug-20 01:32:33 BST,,11026543159,,false
383696597521,ITEM00285,,,,1,0,,�7.76,29-Aug-20,,,9,DAS 1kg Modelling Clay - White,Modelling Clays & Materials,183310,,3,29-Aug-20 01:32:33 BST,,1905307112,,false
383696597522,ITEM00288,,,,1,0,,�11.24,29-Aug-20,,,9,"TOMY Toomies Hide and Squeak Eggs, Educational Shape Sorter Baby, Toddler &",Tomy,56366,,3,29-Aug-20 01:32:33 BST,,4017594981,,false
383696597524,ITEM00286,,,,1,0,,�9.74,29-Aug-20,,,9,Hape E0051 Little Copter - Wooden Push and Pull Along Toy - Suitable for 10,Other Sensory Toys,184592,,3,29-Aug-20 01:32:33 BST,,,,false
383696597526,ITEM00274,,,,1,0,,�3.58,29-Aug-20,,,9,Blake Purely Everyday DL 110 x 220 mm 80 gsm Self Seal Envelopes 12882/50 PR,Other Envelopes & Mailers,184267,,3,29-Aug-20 01:32:33 BST,,,,false
383696597513,ITEM00278,,,,1,0,,�10.12,29-Aug-20,,,9,Orchard Toys Transport Jigsaw Puzzle,Other Toys & Activities,179013,,3,29-Aug-20 01:32:33 BST,,,,false
383696597519,ITEM00283,,,,1,0,,�12.54,29-Aug-20,,,9,Tetra Test 6-in-1 Strips Aquarium to Test 6 Essential Water Quality Parameters,Water Tests & Treatment,77659,,3,29-Aug-20 01:32:33 BST,,28026963568,,false
383696597505,ITEM00269,,,,1,0,,�1.50,29-Aug-20,,,9,Bostik All Purpose Clear Adhesive 20ml,"Other Home, Furniture & DIY",181076,,3,29-Aug-20 01:32:33 BST,,,,false
383696597507,ITEM00271,,,,1,0,,�20.98,29-Aug-20,,,9,"PLUS Japan, Guard-Your-ID Camouflage Roller Stamp in Blue, 1 Piece Pack 1x 1",Other Home Security,20589,,3,29-Aug-20 01:32:33 BST,,,,false
383696597511,ITEM00272,,,,1,0,,�12.74,29-Aug-20,,,9,"Briggs & Stratton 100006E 4-Stroke Lawn Mower Engine Oil SAE30, 1.4 l, Black,",Lawn Mower Parts & Accessories,82248,,3,29-Aug-20 01:32:33 BST,,13032785154,,false
383696597561,ITEM00321,,,,1,0,,�4.50,29-Aug-20,,,9,Peppa Pig: My Daddy,Non-Fiction,171210,,3,29-Aug-20 01:32:33 BST,,99909153,,false
383696597562,ITEM00314,,,,1,0,,�9.74,29-Aug-20,,,9,"Berisfords 15 mm Silver Edge Satin Ribbon, White",Ribbon,71224,,3,29-Aug-20 01:32:33 BST,,,,false
383696597564,ITEM00322,,,,1,0,,�17.98,29-Aug-20,,,9,Manrose 4-inch Standard Bathroom Extractor Fan,Extractor Fans,122909,,3,29-Aug-20 01:32:33 BST,,5033531927,,false
383696597566,ITEM00325,,,,1,0,,�27.88,29-Aug-20,,,9,BGS 67159 | Magnetic Paper Towel Holder | 2 pcs.,Kitchen Roll Holders,20643,,3,29-Aug-20 01:32:33 BST,,,,false
383696597553,ITEM00313,,,,1,0,,�15.63,29-Aug-20,,,9,"Clementoni 61778 Walking Bot, Multi-Colour",Science & Nature,11737,,3,29-Aug-20 01:32:33 BST,,,,false
383696597552,ITEM00318,,,,1,0,,�16.18,29-Aug-20,,,9,"Tomy E72759C Gearation Magnets, Various",Other Sensory Toys,184592,,3,29-Aug-20 01:32:33 BST,,,,false
383696597554,ITEM00315,,,,1,0,,�14.98,29-Aug-20,,,9,Galt Toys Paint a Tea Set,Creative Toys & Activities,80546,,3,29-Aug-20 01:32:33 BST,,,,false
383696597556,ITEM00316,,,,1,0,,�4.50,29-Aug-20,,,9,101 Cool Science Experiments Cool Series,Non-Fiction,171210,,3,29-Aug-20 01:32:33 BST,,152686339,,false
383696597559,ITEM00320,,,,1,0,,�31.21,29-Aug-20,,,9,"Sizzix Big Shot Plus Cutting Pads 660581, Transparent, 1 Pair, Polycarbonate,",Chopping & Serving Boards,46282,,3,29-Aug-20 01:32:33 BST,,,,false
383696597558,ITEM00317,,,,1,0,,�7.48,29-Aug-20,,,9,Ravensburger 23374 First Flash Card Game for Kids Age 3 Years and Up-Ideal for,Modern Manufacture,180349,,3,29-Aug-20 01:32:33 BST,,19026729759,,false
383696597544,ITEM00304,,,,1,0,,�7.48,29-Aug-20,,,9,Elmer�s PVA Glue | White | 225 ml | Washable and Child Friendly | Great for,Adhesive Tapes,109475,,3,29-Aug-20 01:32:33 BST,,,,false
383696597547,ITEM00308,,,,1,0,,�4.50,29-Aug-20,,,9,Think You Know it All?: The Activity Book for Grown-Ups Know it All Quiz Books,Non-Fiction,171243,,3,29-Aug-20 01:32:33 BST,,92553553,,false
383696597549,ITEM00310,,,,1,0,,�7.50,29-Aug-20,,,9,"iDesign Shower Curtain with Magnetic Hem, Long Shower Curtain Made of",Shower Curtains,20441,,3,29-Aug-20 01:32:33 BST,,10032100425,,false
383696597551,ITEM00311,,,,1,0,,�3.00,29-Aug-20,,,9,Peppa Pig: Practise with Peppa: Wipe-Clean First Letters,Language Courses,11442,,3,29-Aug-20 01:32:33 BST,,212572431,,false
383696597537,ITEM00298,,,,1,0,,�12.00,29-Aug-20,,,9,Happy Vegan: Easy plant-based recipes to make the whole family happy,Non-Fiction,171243,,3,29-Aug-20 01:32:33 BST,,28035054222,,false
383696597539,ITEM00300,,,,1,0,,�14.98,29-Aug-20,,,9,Melissa & Doug Rainbow Balance Wooden Educational Toy,Other Sensory Toys,184592,,3,29-Aug-20 01:32:33 BST,,,,false
383696597538,ITEM00302,,,,1,0,,�13.48,29-Aug-20,,,9,Paul Lamond 4-in-1 We're Going on a Bear Hunt Puzzle,Jigsaws,19183,,3,29-Aug-20 01:32:33 BST,,,,false
383696597540,ITEM00301,,,,1,0,,�14.82,29-Aug-20,,,9,Mr & Mrs Pocket Edition Game,Modern Manufacture,180349,,3,29-Aug-20 01:32:33 BST,,,,false
383696597721,ITEM00464,,,,1,0,,�6.00,29-Aug-20,,,9,"Keto Diet: Your 30-Day Plan to Lose Weight, Balance Hormones, Boost Brain",Non-Fiction,171243,,3,29-Aug-20 01:32:33 BST,,14034683023,,false
383696597720,ITEM00465,,,,1,0,,�9.54,29-Aug-20,,,9,"TP-Link TL-SF1005D 5-Port 10/100 Mbps Desktop Ethernet Switch/Hub, Ethernet",Network Switches,51268,,3,29-Aug-20 01:32:33 BST,,901255918,,false
383696597723,ITEM00466,,,,1,0,,�5.58,29-Aug-20,,,9,"Tommee Tippee New-born Anytime Soother, 0 to 2 Months, Pack of 2",Dummies & Soothers,32872,,3,29-Aug-20 01:32:33 BST,,,,false
383696597725,ITEM00468,,,,1,0,,�9.58,29-Aug-20,,,9,Esschert design GT06 58 x 48 x 1cm Short Textile Garden Apron - Green,"Tool Carriers, Aprons & Belts",75668,,3,29-Aug-20 01:32:33 BST,,,,false
383696597724,ITEM00469,,,,1,0,,�25.01,29-Aug-20,,,9,Mister Maker Doodle Drawers Bumper Craft Kit,Children's Crafts,28145,,3,29-Aug-20 01:32:33 BST,,1338098487,,false
383696597713,ITEM00459,,,,1,0,,�13.04,29-Aug-20,,,9,"Esschert Design Flower Pot Bristle Brush - 5""",Brushes & Applicators,82597,,3,29-Aug-20 01:32:33 BST,,,,false
383696597717,ITEM00461,,,,1,0,,�22.48,29-Aug-20,,,9,The Crystal Bible: A Definitive Guide to Crystals: Godsfield Bibles,Fiction,171228,,3,29-Aug-20 01:32:33 BST,,87929299,,false
383696597705,ITEM00453,,,,1,0,,�16.48,29-Aug-20,,,9,Jumbo Puzzle Mates Porta Puzzle Board 1000-Piece,Jigsaws,19183,,3,29-Aug-20 01:32:33 BST,,16026721962,,false
383696597704,ITEM00448,,,,1,0,,�3.00,29-Aug-20,,,9,Back Spin Myron Bolitar 04,Fiction,171228,,3,29-Aug-20 01:32:33 BST,,209648877,,false
383696597708,ITEM00450,,,,1,0,,�10.48,29-Aug-20,,,9,PopSockets 707027 Expanding Stand and Grip for Smartphones and Tablets - Nebula,Other Mobile Phone Accessories,42425,,3,29-Aug-20 01:32:33 BST,,,,false
383696597696,ITEM00440,,,,1,0,,�11.91,29-Aug-20,,,9,"Exacompta Guildhall PAYE Wage Slips, 127x89mm, 100 Sheet Pad",Paper Products,3305,,3,29-Aug-20 01:32:33 BST,,,,false
383696597703,ITEM00447,,,,1,0,,�13.50,29-Aug-20,,,9,"Dear NHS: 100 Stories to Say Thank You, Edited by Adam Kay",Non-Fiction,171243,,3,29-Aug-20 01:32:33 BST,,23038000568,,false
383696597702,ITEM00443,,,,1,0,,�6.00,29-Aug-20,,,9,The Very Hungry Caterpillar Board Book,Non-Fiction,171210,,3,29-Aug-20 01:32:34 BST,,87879234,,false
383696597754,ITEM00494,,,,1,0,,�20.70,29-Aug-20,,,9,"Early Learning Flash Cards, Ages 4 - 8 Front of the Class",Other Sensory Toys,184592,,3,29-Aug-20 01:32:34 BST,,,,false
383696597756,ITEM00497,,,,1,0,,�104.38,29-Aug-20,,,9,Beldray� EH3263RG 16 inch Pedestal Fan with Adjustable Height | Tilting Head |,Other,88433,,3,29-Aug-20 01:32:34 BST,,,,false
383696597759,ITEM00500,,,,1,0,,�4.29,29-Aug-20,,,9,Colors and Shapes Brighter Child Flash Cards,Other Educational Toys,2518,,3,29-Aug-20 01:32:34 BST,,1885543598,,false
383696597758,ITEM00496,,,,1,0,,�9.00,29-Aug-20,,,9,The Little Bullet Book: Be Gorgeously Organized,Non-Fiction,171243,,3,29-Aug-20 01:32:34 BST,,238879353,,false
383696597744,ITEM00488,,,,1,0,,�3.44,29-Aug-20,,,9,Helix Oxford Camo Folding 30cm Ruler - Pink,Other School Equipment,3142,,3,29-Aug-20 01:32:34 BST,,,,false
383696597749,ITEM00487,,,,1,0,,�7.48,29-Aug-20,,,9,"KitchenCraft Sweetly Does It Cake Pop Stand/Lollipop Holder for 24 Cake Pops,",Other Baking Accessories,177013,,3,29-Aug-20 01:32:34 BST,,,,false
383696597748,ITEM00486,,,,1,0,,�3.00,29-Aug-20,,,9,Darkest Fear Myron Bolitar 07,Fiction,171228,,3,29-Aug-20 01:32:34 BST,,176548123,,false
383696597751,ITEM00495,,,,1,0,,�11.98,29-Aug-20,,,9,"First Edition FSC 6�x6� Winter Rose-48 Sheet Pad, 200gsm Heavyweight Cardstock,",Cardstock,122662,,3,29-Aug-20 01:32:34 BST,,,,false
383696597750,ITEM00491,,,,1,0,,�17.22,29-Aug-20,,,9,"Croydex 610 mm Ceiling Support, Silver",Headlining,174080,,3,29-Aug-20 01:32:34 BST,,,,false
383696597736,ITEM00480,,,,1,0,,�3.00,29-Aug-20,,,9,The Raven Boys,Fiction,171219,,3,29-Aug-20 01:32:34 BST,,115631864,,false
383696597741,ITEM00482,,,,1,0,,�5.25,29-Aug-20,,,9,"Santoro Gorjuss Wooden Shapes, Multi-Colour, One Size",Other Scrapbook Embellishments,146545,,3,29-Aug-20 01:32:34 BST,,,,false
383696597740,ITEM00481,,,,1,0,,�10.18,29-Aug-20,,,9,Trefl WPU-37117-01-18-01 Coloured Puzzle,Jigsaws,19183,,3,29-Aug-20 01:32:34 BST,,25027556907,,false
383696597743,ITEM00483,,,,1,0,,�10.48,29-Aug-20,,,9,"Fisher-Price GHJ04 Laugh & Learn On-The-Glow Coffee Cup, Interactive Baby Toy,",Other Sensory Toys,184592,,3,29-Aug-20 01:32:34 BST,,,,false
383696597742,ITEM00484,,,,1,0,,�2.24,29-Aug-20,,,9,BIC 8308591 Cristal Medium Ballpoint Pen - Black Pack of 4,Pens & Pencils,102953,,3,29-Aug-20 01:32:34 BST,,,,false
383696597730,ITEM00472,,,,1,0,,�2.97,29-Aug-20,,,9,"Art Box Safe tip Scissors, Mixed, 19.5 cm by 15.5 cm by 0.6 cm",Scissors & Paper Edgers,83986,,3,29-Aug-20 01:32:34 BST,,15024733753,,false
383696597733,ITEM00476,,,,1,0,,�1.94,29-Aug-20,,,9,Helix Oxford Camo X5 HB Graphite Pencils - Green,Other School Equipment,3142,,3,29-Aug-20 01:32:34 BST,,,,false
383696597657,ITEM00406,,,,1,0,,�13.88,29-Aug-20,,,9,One For All Contour TV Universal Remote Control URC1210 � Ideal replacement for,Car Speakerphones,88468,,3,29-Aug-20 01:32:34 BST,,,,false
383696597660,ITEM00403,,,,1,0,,�14.98,29-Aug-20,,,9,"UniBond AERO 360 Degree Moisture Absorber Neutral Refill Tab, Ultra-Absorbent",Dehumidifiers,79621,,3,29-Aug-20 01:32:34 BST,,,,false
383696597663,ITEM00411,,,,1,0,,�19.04,29-Aug-20,,,9,Scythe Slip Stream 120mm 3-Pin Case Fan SY1225SL12SH,Computer Case Fans,131487,,3,29-Aug-20 01:32:34 BST,,,,false
383696597655,ITEM00407,,,,1,0,,�10.70,29-Aug-20,,,9,Orchard Toys Farmyard Dominoes Game,Video Games,139973,,3,29-Aug-20 01:32:34 BST,,,,false
383696597643,ITEM00392,,,,1,0,,�4.95,29-Aug-20,,,9,"Biore Deep Pore Charcoal Cleanser Face Wash for Oily Skin, 200 ml",Cleansers & Toners,177765,,3,29-Aug-20 01:32:34 BST,,,,false
383696597642,ITEM00393,,,,1,0,,�7.48,29-Aug-20,,,9,"KitchenCraft Sweetly Does It Football Cake Decorations, 8 Piece Football Cake",Cake Toppers,183341,,3,29-Aug-20 01:32:34 BST,,,,false
383696597647,ITEM00396,,,,1,0,,�15.64,29-Aug-20,,,9,"The Metabolic Effect Diet: Eat More, Work Out Less, and Actually Lose Weight",Non-Fiction,171243,,3,29-Aug-20 01:32:34 BST,,176900696,,false
383696597633,ITEM00387,,,,1,0,,�9.75,29-Aug-20,,,9,11+ GL Non-Verbal Reasoning Practice Book & Assessment Tests - Ages 10-11 with,School Textbooks & Study Guides,171223,,3,29-Aug-20 01:32:34 BST,,,,false
383696597632,ITEM00386,,,,1,0,,�12.68,29-Aug-20,,,9,Garmin Adeshive Dash Cam Mount 45/55,Holders & Mounts,60999,,3,29-Aug-20 01:32:34 BST,,2171703328,,false
383696597635,ITEM00388,,,,1,0,,�28.18,29-Aug-20,,,9,Brennenstuhl Moisture Detector MD Moisture Meter for Wood/Walls/Building,Electrical Testers,126406,,3,29-Aug-20 01:32:34 BST,,,,false
383696597637,ITEM00385,,,,1,0,,�6.44,29-Aug-20,,,9,"Automatic LED Night Light Dusk 2 Dawn LED Sensitive, White, Plug in",Night Lights,20702,,3,29-Aug-20 01:32:34 BST,,13026725040,,false
383696597693,ITEM00439,,,,1,0,,�11.98,29-Aug-20,,,9,Sabrent USB 3.0 to SSD / 2.5-Inch SATA I/II/III Hard Drive Adapter EC-SSHD,Drive Cables & Adapters,74941,,3,29-Aug-20 01:32:34 BST,,,,false
383696597685,ITEM00433,,,,1,0,,�11.22,29-Aug-20,,,9,"Grafix R03-0316 Surge X-Treme Power Paddles Game, Multi Colour",Other Toys & Games,1039,,3,29-Aug-20 01:32:34 BST,,,,false
383696597684,ITEM00430,,,,1,0,,�9.81,29-Aug-20,,,9,"Tobar 22664 OWL GRASSHEAD, Mixed",Creative Toys & Activities,80546,,3,29-Aug-20 01:32:34 BST,,,,false
383696597673,ITEM00421,,,,1,0,,�16.12,29-Aug-20,,,9,"KitchenCraft Plastic Potato Ricer / Pur�e Maker, 36 x 10 x 10 cm 14"" x 4"" x 4""",Potato Mashers & Ricers,177007,,3,29-Aug-20 01:32:34 BST,,,,false
383696597679,ITEM00427,,,,1,0,,�11.98,29-Aug-20,,,9,Galt Toys First Octons,Other Sensory Toys,184592,,3,29-Aug-20 01:32:34 BST,,,,false
383696597678,ITEM00419,,,,1,0,,�3.00,29-Aug-20,,,9,How to Bewitch a Wolf How to Catch a Witch 2,Fiction,171219,,3,29-Aug-20 01:32:34 BST,,239348839,,false
383696597668,ITEM00414,,,,1,0,,�12.00,29-Aug-20,,,9,A Child's First Bible,Non-Fiction,171210,,3,29-Aug-20 01:32:34 BST,,87324242,,false
383696597853,ITEM00582,,,,1,0,,�18.04,29-Aug-20,,,9,Simba Steffi Love 105734000ETS Doll and Mini Doll Pregnant Steffi 29 cm Brown,Dolls,33305,,3,29-Aug-20 01:32:34 BST,,,,false
383696597854,ITEM00583,,,,1,0,,�27.49,29-Aug-20,,,9,Viga Wooden Count & Match Numbers Set - Childrens Maths Learning Toy,Other Sensory Toys,184592,,3,29-Aug-20 01:32:34 BST,,,,false
383696597843,ITEM00573,,,,1,0,,�11.98,29-Aug-20,,,9,Spinning tops. Set of 6,Other Sensory Toys,184592,,3,29-Aug-20 01:32:34 BST,,,,false
383696597845,ITEM00579,,,,1,0,,�4.72,29-Aug-20,,,9,Silvine 280 x 150mm Things To Do Planner with 120 Sheets of Quality 75gsm,Paper Products,3305,,3,29-Aug-20 01:32:34 BST,,1046926007,,false
383696597847,ITEM00578,,,,1,0,,�8.98,29-Aug-20,,,9,Esschert Design TG229 Flamingo Watering Can - Pink,Watering Cans,20547,,3,29-Aug-20 01:32:34 BST,,,,false
383696597835,ITEM00567,,,,1,0,,�6.00,29-Aug-20,,,9,"Trust Me, I'm a Junior Doctor",Non-Fiction,171243,,3,29-Aug-20 01:32:34 BST,,89119029,,false
383696597834,ITEM00545,,,,1,0,,�3.00,29-Aug-20,,,9,"BIC Cristal Fun Ballpoint Pens Wide Point 1.6 mm � Assorted Colours, Pouch of 10",Ballpoint Pens,7279,,3,29-Aug-20 01:32:34 BST,,,,false
383696597837,ITEM00569,,,,1,0,,�10.50,29-Aug-20,,,9,D�copatch Mache Dachshund Mini Kit,Crafts,45077,,3,29-Aug-20 01:32:34 BST,,,,false
383696597838,ITEM00570,,,,1,0,,�11.25,29-Aug-20,,,9,Orchard Toys Match and Spell Game,Other Educational Toys,2518,,3,29-Aug-20 01:32:34 BST,,23026729491,,false
383696597825,ITEM00556,,,,1,0,,�10.78,29-Aug-20,,,9,Ponds INSTITUTE Hydro nourishing day & night cream Hn 50ml,Anti-Ageing,33164,,3,29-Aug-20 01:32:34 BST,,,,false
383696597828,ITEM00560,,,,1,0,,�8.98,29-Aug-20,,,9,"Galt Toys ""Mini Octons""",Other Sensory Toys,184592,,3,29-Aug-20 01:32:34 BST,,,,false
383696597873,ITEM00598,,,,1,0,,�10.50,29-Aug-20,,,9,Character Cake Toppers: Over 65 designs for sugar fondant models,Non-Fiction,171243,,3,29-Aug-20 01:32:34 BST,,138516822,,false
383696597876,ITEM00602,,,,1,0,,�3.00,29-Aug-20,,,9,"Quest for Justice The Elementia Chronicles, Book 1",Fiction,171219,,3,29-Aug-20 01:32:34 BST,,214616511,,false
383696597865,ITEM00597,,,,1,0,,�4.50,29-Aug-20,,,9,The Saboteur of Auschwitz: The Inspiring True Story of a British Soldier Held,Non-Fiction,171243,,3,29-Aug-20 01:32:34 BST,,24033854260,,false
383696597864,ITEM00595,,,,1,0,,�6.38,29-Aug-20,,,9,"Garnier Ambre Solaire Ultra-Hydrating Shea Butter Sun Protection Cream SPF50+,",Sunscreens & Sunblocks,31774,,3,29-Aug-20 01:32:34 BST,,,,false
383696597866,ITEM00593,,,,1,0,,�6.74,29-Aug-20,,,9,Royal & Langnickel Gold Engraving Art A4 Size Bengal Tiger Designed Painting Set,Children's Crafts,28145,,3,29-Aug-20 01:32:34 BST,,,,false
383696597869,ITEM00599,,,,1,0,,�13.48,29-Aug-20,,,9,Paul Lamond Tiger Who Came to Tea 4-in-1 Puzzle,Jigsaws,19183,,3,29-Aug-20 01:32:34 BST,,,,false
383696597868,ITEM00596,,,,1,0,,�3.88,29-Aug-20,,,9,d�copatch Small Elephant with Raised Trunk Mache,Crafts,45077,,3,29-Aug-20 01:32:34 BST,,,,false
383696597857,ITEM00588,,,,1,0,,�28.42,29-Aug-20,,,9,Motorised VHS-C Compact Video Cassette Tape Adaptor Battery Operated Camcorder,Cassette Adapters,73835,,3,29-Aug-20 01:32:34 BST,,,,false
383696597861,ITEM00591,,,,1,0,,�14.98,29-Aug-20,,,9,"First Edition FSC 8�x8� Winter Rose-48 Sheet Pad, 200gsm Heavyweight Cardstock,",Cardstock,122662,,3,29-Aug-20 01:32:35 BST,,,,false
383696597860,ITEM00589,,,,1,0,,�7.12,29-Aug-20,,,9,Miracle-Gro All Purpose Concentrated Liquid Plant Food 1L,Fertilisers,119683,,3,29-Aug-20 01:32:35 BST,,7032790366,,false
383696597862,ITEM00590,,,,1,0,,�13.98,29-Aug-20,,,9,"Top Trumps WM00043-EN1-6 Tin Witches & Wizards, Harry Potter 30 Witches and",Card Games-Contemporary,19082,,3,29-Aug-20 01:32:35 BST,,,,false
383696597785,ITEM00525,,,,1,0,,�3.00,29-Aug-20,,,9,Perfect Prey: The twisty new crime thriller that will keep you up all night A,Fiction,171228,,3,29-Aug-20 01:32:35 BST,,238654742,,false
383696597784,ITEM00522,,,,1,0,,�5.98,29-Aug-20,,,9,Simba Ice Cream Beach Set,Other Sensory Toys,184592,,3,29-Aug-20 01:32:35 BST,,,,false
383696597787,ITEM00530,,,,1,0,,�7.50,29-Aug-20,,,9,Imagimorphia: An Extreme Colouring and Search Challenge Kerby Rosanes Extreme,Non-Fiction,171243,,3,29-Aug-20 01:32:35 BST,,221761900,,false
383696597769,ITEM00509,,,,1,0,,�6.74,29-Aug-20,,,9,Royal & Langnickel 11 x 15 inch Clown Fish Pre-Printed Paint by Number Painting,Other Art Supplies,16508,,3,29-Aug-20 01:32:35 BST,,,,false
383696597770,ITEM00510,,,,1,0,,�9.00,29-Aug-20,,,9,Cilka's Journey: The Sunday Times bestselling sequel to The Tattooist of,Fiction,171228,,3,29-Aug-20 01:32:35 BST,,28033727553,,false
383696597775,ITEM00515,,,,1,0,,�10.48,29-Aug-20,,,9,"Clementoni 61885 Harry Potter 61885-Jigsaw Potter-104 Pieces, Jigsaw Puzzle for",Jigsaws,19183,,3,29-Aug-20 01:32:35 BST,,,,false
383696597763,ITEM00502,,,,1,0,,�11.98,29-Aug-20,,,9,"Neviti 776209 Gold Foil WOO HOO Hen DO Balloon Bunting, 40 x 40 cm",Balloons,26384,,3,29-Aug-20 01:32:35 BST,,,,false
383696597762,ITEM00499,,,,1,0,,�7.50,29-Aug-20,,,9,My First Gruffalo Little Library,Non-Fiction,171210,,3,29-Aug-20 01:32:35 BST,,111656210,,false
383696597764,ITEM00505,,,,1,0,,�10.48,29-Aug-20,,,9,Fun Time Fun with Gears Toy 55363,Other Sensory Toys,184592,,3,29-Aug-20 01:32:35 BST,,,,false
383696597817,ITEM00553,,,,1,0,,�6.62,29-Aug-20,,,9,amscan 10022611 Silver Ribbon Party Decoration-1 Pc,Balloons,26384,,3,29-Aug-20 01:32:35 BST,,,,false
383696597816,ITEM00550,,,,1,0,,�24.16,29-Aug-20,,,9,Rain Sound Stick,Other Sensory Toys,184592,,3,29-Aug-20 01:32:35 BST,,,,false
383696597819,ITEM00559,,,,1,0,,�4.49,29-Aug-20,,,9,Unique Party 49980 - 6ft Justice League Birthday Banner,Balloons,26384,,3,29-Aug-20 01:32:35 BST,,,,false
383696597823,ITEM00554,,,,1,0,,�4.49,29-Aug-20,,,9,"Bond SATs Skills: Maths Workbook: Measurement, Geometry & Statistics 10-11+",Adult Learning & University,1105,,3,29-Aug-20 01:32:35 BST,,233721406,,false
383696597809,ITEM00544,,,,1,0,,�4.50,29-Aug-20,,,9,The Last Wish: Introducing the Witcher - Now a major Netflix show,Fiction,171228,,3,29-Aug-20 01:32:35 BST,,4035637140,,false
383696597811,ITEM00542,,,,1,0,,�14.96,29-Aug-20,,,9,"Dri-Box FL-1859-200 IP55 Weatherproof Box, Black, Small",Other Mobile Phone Accessories,42425,,3,29-Aug-20 01:32:35 BST,,,,false
383696597810,ITEM00546,,,,1,0,,�3.00,29-Aug-20,,,9,Wordsearches for Clever Kids Buster Brain Games,Non-Fiction,171210,,3,29-Aug-20 01:32:35 BST,,209699143,,false
383696597813,ITEM00547,,,,1,0,,�19.38,29-Aug-20,,,9,"Ramair Filters MR-016 Motorcycle Pod Air Filter, Black, 58 mm",Performance Air Filters,44187,,3,29-Aug-20 01:32:35 BST,,,,false
383696597812,ITEM00543,,,,1,0,,�15.00,29-Aug-20,,,9,Star Wars The Rise of Skywalker The Visual Dictionary: With Exclusive,Non-Fiction,171243,,3,29-Aug-20 01:32:35 BST,,20035164990,,false
383696597814,ITEM00548,,,,1,0,,�14.98,29-Aug-20,,,9,Interstar Rings 18 Piece Construction Set,Other Sensory Toys,184592,,3,29-Aug-20 01:32:35 BST,,,,false
383696597800,ITEM00536,,,,1,0,,�6.00,29-Aug-20,,,9,Teletubbies: Pocket Library,Non-Fiction,171210,,3,29-Aug-20 01:32:35 BST,,221791647,,false
383696597807,ITEM00541,,,,1,0,,�9.45,29-Aug-20,,,9,"PLUS Europe, Guard-Your-ID Camouflage Roller Stamp, Refill Cartridge, 1 Piece",Ink Cartridges,16191,,3,29-Aug-20 01:32:35 BST,,,,false
383696597793,ITEM00528,,,,1,0,,�15.00,29-Aug-20,,,9,Top Trumps 036597 LA Reine DES NEIGES 2 Frozen 2 Match Board Game,Other Toys & Games,1039,,3,29-Aug-20 01:32:35 BST,,,,false
383696597792,ITEM00529,,,,1,0,,�3.00,29-Aug-20,,,9,Steps to the Gallows: 2 Bow Street Rivals,Fiction,171228,,3,29-Aug-20 01:32:35 BST,,233632488,,false
383696597796,ITEM00519,,,,1,0,,�3.00,29-Aug-20,,,9,The Woods: NOW A NETFLIX ORIGINAL SERIES,Fiction,171228,,3,29-Aug-20 01:32:35 BST,,200369429,,false
383696597799,ITEM00534,,,,1,0,,�8.93,29-Aug-20,,,9,"KitchenCraft MasterClass, Crusty Bake Non Stick Baking Tray for Biscuits,",Baking Trays,177132,,3,29-Aug-20 01:32:35 BST,,,,false
383696597891,ITEM00616,,,,1,0,,�3.60,29-Aug-20,,,9,Blake Purely Everyday C6 114 x 162 mm 90 gsm Self Seal Wallet 2602/50 PR White,Other Envelopes & Mailers,184267,,3,29-Aug-20 01:32:35 BST,,,,false
